--
-- PostgreSQL database dump
--

\restrict YWaUW7d2ouNOo4B3NN0F4gIJHcr1vgHdFqQq2y6v8akTKbiAKp42nFT52XwlEpt

-- Dumped from database version 17.7 (Ubuntu 17.7-3.pgdg22.04+1)
-- Dumped by pg_dump version 18.1 (Ubuntu 18.1-1.pgdg22.04+2)

SET statement_timeout = 0;
SET lock_timeout = 0;
SET idle_in_transaction_session_timeout = 0;
SET transaction_timeout = 0;
SET client_encoding = 'UTF8';
SET standard_conforming_strings = on;
SELECT pg_catalog.set_config('search_path', '', false);
SET check_function_bodies = false;
SET xmloption = content;
SET client_min_messages = warning;
SET row_security = off;

SET default_tablespace = '';

SET default_table_access_method = heap;

--
-- Name: articles_article; Type: TABLE; Schema: public; Owner: medium_clone_user1
--

CREATE TABLE public.articles_article (
    id bigint NOT NULL,
    title character varying(200) NOT NULL,
    slug character varying(50) NOT NULL,
    content text NOT NULL,
    excerpt text NOT NULL,
    status character varying(10) NOT NULL,
    featured_image character varying(100),
    read_time integer NOT NULL,
    views_count integer NOT NULL,
    created_at timestamp with time zone NOT NULL,
    updated_at timestamp with time zone NOT NULL,
    published_at timestamp with time zone,
    author_id bigint NOT NULL,
    scheduled_at timestamp with time zone,
    CONSTRAINT articles_article_read_time_check CHECK ((read_time >= 0)),
    CONSTRAINT articles_article_views_count_check CHECK ((views_count >= 0))
);


ALTER TABLE public.articles_article OWNER TO medium_clone_user1;

--
-- Name: articles_article_id_seq; Type: SEQUENCE; Schema: public; Owner: medium_clone_user1
--

ALTER TABLE public.articles_article ALTER COLUMN id ADD GENERATED BY DEFAULT AS IDENTITY (
    SEQUENCE NAME public.articles_article_id_seq
    START WITH 1
    INCREMENT BY 1
    NO MINVALUE
    NO MAXVALUE
    CACHE 1
);


--
-- Name: articles_article_tags; Type: TABLE; Schema: public; Owner: medium_clone_user1
--

CREATE TABLE public.articles_article_tags (
    id bigint NOT NULL,
    article_id bigint NOT NULL,
    tag_id bigint NOT NULL
);


ALTER TABLE public.articles_article_tags OWNER TO medium_clone_user1;

--
-- Name: articles_article_tags_id_seq; Type: SEQUENCE; Schema: public; Owner: medium_clone_user1
--

ALTER TABLE public.articles_article_tags ALTER COLUMN id ADD GENERATED BY DEFAULT AS IDENTITY (
    SEQUENCE NAME public.articles_article_tags_id_seq
    START WITH 1
    INCREMENT BY 1
    NO MINVALUE
    NO MAXVALUE
    CACHE 1
);


--
-- Name: articles_tag; Type: TABLE; Schema: public; Owner: medium_clone_user1
--

CREATE TABLE public.articles_tag (
    id bigint NOT NULL,
    name character varying(50) NOT NULL,
    created_at timestamp with time zone NOT NULL
);


ALTER TABLE public.articles_tag OWNER TO medium_clone_user1;

--
-- Name: articles_tag_id_seq; Type: SEQUENCE; Schema: public; Owner: medium_clone_user1
--

ALTER TABLE public.articles_tag ALTER COLUMN id ADD GENERATED BY DEFAULT AS IDENTITY (
    SEQUENCE NAME public.articles_tag_id_seq
    START WITH 1
    INCREMENT BY 1
    NO MINVALUE
    NO MAXVALUE
    CACHE 1
);


--
-- Name: auth_group; Type: TABLE; Schema: public; Owner: medium_clone_user1
--

CREATE TABLE public.auth_group (
    id integer NOT NULL,
    name character varying(150) NOT NULL
);


ALTER TABLE public.auth_group OWNER TO medium_clone_user1;

--
-- Name: auth_group_id_seq; Type: SEQUENCE; Schema: public; Owner: medium_clone_user1
--

ALTER TABLE public.auth_group ALTER COLUMN id ADD GENERATED BY DEFAULT AS IDENTITY (
    SEQUENCE NAME public.auth_group_id_seq
    START WITH 1
    INCREMENT BY 1
    NO MINVALUE
    NO MAXVALUE
    CACHE 1
);


--
-- Name: auth_group_permissions; Type: TABLE; Schema: public; Owner: medium_clone_user1
--

CREATE TABLE public.auth_group_permissions (
    id bigint NOT NULL,
    group_id integer NOT NULL,
    permission_id integer NOT NULL
);


ALTER TABLE public.auth_group_permissions OWNER TO medium_clone_user1;

--
-- Name: auth_group_permissions_id_seq; Type: SEQUENCE; Schema: public; Owner: medium_clone_user1
--

ALTER TABLE public.auth_group_permissions ALTER COLUMN id ADD GENERATED BY DEFAULT AS IDENTITY (
    SEQUENCE NAME public.auth_group_permissions_id_seq
    START WITH 1
    INCREMENT BY 1
    NO MINVALUE
    NO MAXVALUE
    CACHE 1
);


--
-- Name: auth_permission; Type: TABLE; Schema: public; Owner: medium_clone_user1
--

CREATE TABLE public.auth_permission (
    id integer NOT NULL,
    name character varying(255) NOT NULL,
    content_type_id integer NOT NULL,
    codename character varying(100) NOT NULL
);


ALTER TABLE public.auth_permission OWNER TO medium_clone_user1;

--
-- Name: auth_permission_id_seq; Type: SEQUENCE; Schema: public; Owner: medium_clone_user1
--

ALTER TABLE public.auth_permission ALTER COLUMN id ADD GENERATED BY DEFAULT AS IDENTITY (
    SEQUENCE NAME public.auth_permission_id_seq
    START WITH 1
    INCREMENT BY 1
    NO MINVALUE
    NO MAXVALUE
    CACHE 1
);


--
-- Name: authtoken_token; Type: TABLE; Schema: public; Owner: medium_clone_user1
--

CREATE TABLE public.authtoken_token (
    key character varying(40) NOT NULL,
    created timestamp with time zone NOT NULL,
    user_id bigint NOT NULL
);


ALTER TABLE public.authtoken_token OWNER TO medium_clone_user1;

--
-- Name: comments_comment; Type: TABLE; Schema: public; Owner: medium_clone_user1
--

CREATE TABLE public.comments_comment (
    id bigint NOT NULL,
    content text NOT NULL,
    created_at timestamp with time zone NOT NULL,
    updated_at timestamp with time zone NOT NULL,
    article_id bigint NOT NULL,
    author_id bigint NOT NULL,
    parent_id bigint
);


ALTER TABLE public.comments_comment OWNER TO medium_clone_user1;

--
-- Name: comments_comment_id_seq; Type: SEQUENCE; Schema: public; Owner: medium_clone_user1
--

ALTER TABLE public.comments_comment ALTER COLUMN id ADD GENERATED BY DEFAULT AS IDENTITY (
    SEQUENCE NAME public.comments_comment_id_seq
    START WITH 1
    INCREMENT BY 1
    NO MINVALUE
    NO MAXVALUE
    CACHE 1
);


--
-- Name: django_admin_log; Type: TABLE; Schema: public; Owner: medium_clone_user1
--

CREATE TABLE public.django_admin_log (
    id integer NOT NULL,
    action_time timestamp with time zone NOT NULL,
    object_id text,
    object_repr character varying(200) NOT NULL,
    action_flag smallint NOT NULL,
    change_message text NOT NULL,
    content_type_id integer,
    user_id bigint NOT NULL,
    CONSTRAINT django_admin_log_action_flag_check CHECK ((action_flag >= 0))
);


ALTER TABLE public.django_admin_log OWNER TO medium_clone_user1;

--
-- Name: django_admin_log_id_seq; Type: SEQUENCE; Schema: public; Owner: medium_clone_user1
--

ALTER TABLE public.django_admin_log ALTER COLUMN id ADD GENERATED BY DEFAULT AS IDENTITY (
    SEQUENCE NAME public.django_admin_log_id_seq
    START WITH 1
    INCREMENT BY 1
    NO MINVALUE
    NO MAXVALUE
    CACHE 1
);


--
-- Name: django_celery_beat_clockedschedule; Type: TABLE; Schema: public; Owner: medium_clone_user1
--

CREATE TABLE public.django_celery_beat_clockedschedule (
    id integer NOT NULL,
    clocked_time timestamp with time zone NOT NULL
);


ALTER TABLE public.django_celery_beat_clockedschedule OWNER TO medium_clone_user1;

--
-- Name: django_celery_beat_clockedschedule_id_seq; Type: SEQUENCE; Schema: public; Owner: medium_clone_user1
--

ALTER TABLE public.django_celery_beat_clockedschedule ALTER COLUMN id ADD GENERATED BY DEFAULT AS IDENTITY (
    SEQUENCE NAME public.django_celery_beat_clockedschedule_id_seq
    START WITH 1
    INCREMENT BY 1
    NO MINVALUE
    NO MAXVALUE
    CACHE 1
);


--
-- Name: django_celery_beat_crontabschedule; Type: TABLE; Schema: public; Owner: medium_clone_user1
--

CREATE TABLE public.django_celery_beat_crontabschedule (
    id integer NOT NULL,
    minute character varying(240) NOT NULL,
    hour character varying(96) NOT NULL,
    day_of_week character varying(64) NOT NULL,
    day_of_month character varying(124) NOT NULL,
    month_of_year character varying(64) NOT NULL,
    timezone character varying(63) NOT NULL
);


ALTER TABLE public.django_celery_beat_crontabschedule OWNER TO medium_clone_user1;

--
-- Name: django_celery_beat_crontabschedule_id_seq; Type: SEQUENCE; Schema: public; Owner: medium_clone_user1
--

ALTER TABLE public.django_celery_beat_crontabschedule ALTER COLUMN id ADD GENERATED BY DEFAULT AS IDENTITY (
    SEQUENCE NAME public.django_celery_beat_crontabschedule_id_seq
    START WITH 1
    INCREMENT BY 1
    NO MINVALUE
    NO MAXVALUE
    CACHE 1
);


--
-- Name: django_celery_beat_intervalschedule; Type: TABLE; Schema: public; Owner: medium_clone_user1
--

CREATE TABLE public.django_celery_beat_intervalschedule (
    id integer NOT NULL,
    every integer NOT NULL,
    period character varying(24) NOT NULL
);


ALTER TABLE public.django_celery_beat_intervalschedule OWNER TO medium_clone_user1;

--
-- Name: django_celery_beat_intervalschedule_id_seq; Type: SEQUENCE; Schema: public; Owner: medium_clone_user1
--

ALTER TABLE public.django_celery_beat_intervalschedule ALTER COLUMN id ADD GENERATED BY DEFAULT AS IDENTITY (
    SEQUENCE NAME public.django_celery_beat_intervalschedule_id_seq
    START WITH 1
    INCREMENT BY 1
    NO MINVALUE
    NO MAXVALUE
    CACHE 1
);


--
-- Name: django_celery_beat_periodictask; Type: TABLE; Schema: public; Owner: medium_clone_user1
--

CREATE TABLE public.django_celery_beat_periodictask (
    id integer NOT NULL,
    name character varying(200) NOT NULL,
    task character varying(200) NOT NULL,
    args text NOT NULL,
    kwargs text NOT NULL,
    queue character varying(200),
    exchange character varying(200),
    routing_key character varying(200),
    expires timestamp with time zone,
    enabled boolean NOT NULL,
    last_run_at timestamp with time zone,
    total_run_count integer NOT NULL,
    date_changed timestamp with time zone NOT NULL,
    description text NOT NULL,
    crontab_id integer,
    interval_id integer,
    solar_id integer,
    one_off boolean NOT NULL,
    start_time timestamp with time zone,
    priority integer,
    headers text NOT NULL,
    clocked_id integer,
    expire_seconds integer,
    CONSTRAINT django_celery_beat_periodictask_expire_seconds_check CHECK ((expire_seconds >= 0)),
    CONSTRAINT django_celery_beat_periodictask_priority_check CHECK ((priority >= 0)),
    CONSTRAINT django_celery_beat_periodictask_total_run_count_check CHECK ((total_run_count >= 0))
);


ALTER TABLE public.django_celery_beat_periodictask OWNER TO medium_clone_user1;

--
-- Name: django_celery_beat_periodictask_id_seq; Type: SEQUENCE; Schema: public; Owner: medium_clone_user1
--

ALTER TABLE public.django_celery_beat_periodictask ALTER COLUMN id ADD GENERATED BY DEFAULT AS IDENTITY (
    SEQUENCE NAME public.django_celery_beat_periodictask_id_seq
    START WITH 1
    INCREMENT BY 1
    NO MINVALUE
    NO MAXVALUE
    CACHE 1
);


--
-- Name: django_celery_beat_periodictasks; Type: TABLE; Schema: public; Owner: medium_clone_user1
--

CREATE TABLE public.django_celery_beat_periodictasks (
    ident smallint NOT NULL,
    last_update timestamp with time zone NOT NULL
);


ALTER TABLE public.django_celery_beat_periodictasks OWNER TO medium_clone_user1;

--
-- Name: django_celery_beat_solarschedule; Type: TABLE; Schema: public; Owner: medium_clone_user1
--

CREATE TABLE public.django_celery_beat_solarschedule (
    id integer NOT NULL,
    event character varying(24) NOT NULL,
    latitude numeric(9,6) NOT NULL,
    longitude numeric(9,6) NOT NULL
);


ALTER TABLE public.django_celery_beat_solarschedule OWNER TO medium_clone_user1;

--
-- Name: django_celery_beat_solarschedule_id_seq; Type: SEQUENCE; Schema: public; Owner: medium_clone_user1
--

ALTER TABLE public.django_celery_beat_solarschedule ALTER COLUMN id ADD GENERATED BY DEFAULT AS IDENTITY (
    SEQUENCE NAME public.django_celery_beat_solarschedule_id_seq
    START WITH 1
    INCREMENT BY 1
    NO MINVALUE
    NO MAXVALUE
    CACHE 1
);


--
-- Name: django_celery_results_chordcounter; Type: TABLE; Schema: public; Owner: medium_clone_user1
--

CREATE TABLE public.django_celery_results_chordcounter (
    id integer NOT NULL,
    group_id character varying(255) NOT NULL,
    sub_tasks text NOT NULL,
    count integer NOT NULL,
    CONSTRAINT django_celery_results_chordcounter_count_check CHECK ((count >= 0))
);


ALTER TABLE public.django_celery_results_chordcounter OWNER TO medium_clone_user1;

--
-- Name: django_celery_results_chordcounter_id_seq; Type: SEQUENCE; Schema: public; Owner: medium_clone_user1
--

ALTER TABLE public.django_celery_results_chordcounter ALTER COLUMN id ADD GENERATED BY DEFAULT AS IDENTITY (
    SEQUENCE NAME public.django_celery_results_chordcounter_id_seq
    START WITH 1
    INCREMENT BY 1
    NO MINVALUE
    NO MAXVALUE
    CACHE 1
);


--
-- Name: django_celery_results_groupresult; Type: TABLE; Schema: public; Owner: medium_clone_user1
--

CREATE TABLE public.django_celery_results_groupresult (
    id integer NOT NULL,
    group_id character varying(255) NOT NULL,
    date_created timestamp with time zone NOT NULL,
    date_done timestamp with time zone NOT NULL,
    content_type character varying(128) NOT NULL,
    content_encoding character varying(64) NOT NULL,
    result text
);


ALTER TABLE public.django_celery_results_groupresult OWNER TO medium_clone_user1;

--
-- Name: django_celery_results_groupresult_id_seq; Type: SEQUENCE; Schema: public; Owner: medium_clone_user1
--

ALTER TABLE public.django_celery_results_groupresult ALTER COLUMN id ADD GENERATED BY DEFAULT AS IDENTITY (
    SEQUENCE NAME public.django_celery_results_groupresult_id_seq
    START WITH 1
    INCREMENT BY 1
    NO MINVALUE
    NO MAXVALUE
    CACHE 1
);


--
-- Name: django_celery_results_taskresult; Type: TABLE; Schema: public; Owner: medium_clone_user1
--

CREATE TABLE public.django_celery_results_taskresult (
    id integer NOT NULL,
    task_id character varying(255) NOT NULL,
    status character varying(50) NOT NULL,
    content_type character varying(128) NOT NULL,
    content_encoding character varying(64) NOT NULL,
    result text,
    date_done timestamp with time zone NOT NULL,
    traceback text,
    meta text,
    task_args text,
    task_kwargs text,
    task_name character varying(255),
    worker character varying(100),
    date_created timestamp with time zone NOT NULL,
    periodic_task_name character varying(255)
);


ALTER TABLE public.django_celery_results_taskresult OWNER TO medium_clone_user1;

--
-- Name: django_celery_results_taskresult_id_seq; Type: SEQUENCE; Schema: public; Owner: medium_clone_user1
--

ALTER TABLE public.django_celery_results_taskresult ALTER COLUMN id ADD GENERATED BY DEFAULT AS IDENTITY (
    SEQUENCE NAME public.django_celery_results_taskresult_id_seq
    START WITH 1
    INCREMENT BY 1
    NO MINVALUE
    NO MAXVALUE
    CACHE 1
);


--
-- Name: django_content_type; Type: TABLE; Schema: public; Owner: medium_clone_user1
--

CREATE TABLE public.django_content_type (
    id integer NOT NULL,
    app_label character varying(100) NOT NULL,
    model character varying(100) NOT NULL
);


ALTER TABLE public.django_content_type OWNER TO medium_clone_user1;

--
-- Name: django_content_type_id_seq; Type: SEQUENCE; Schema: public; Owner: medium_clone_user1
--

ALTER TABLE public.django_content_type ALTER COLUMN id ADD GENERATED BY DEFAULT AS IDENTITY (
    SEQUENCE NAME public.django_content_type_id_seq
    START WITH 1
    INCREMENT BY 1
    NO MINVALUE
    NO MAXVALUE
    CACHE 1
);


--
-- Name: django_migrations; Type: TABLE; Schema: public; Owner: medium_clone_user1
--

CREATE TABLE public.django_migrations (
    id bigint NOT NULL,
    app character varying(255) NOT NULL,
    name character varying(255) NOT NULL,
    applied timestamp with time zone NOT NULL
);


ALTER TABLE public.django_migrations OWNER TO medium_clone_user1;

--
-- Name: django_migrations_id_seq; Type: SEQUENCE; Schema: public; Owner: medium_clone_user1
--

ALTER TABLE public.django_migrations ALTER COLUMN id ADD GENERATED BY DEFAULT AS IDENTITY (
    SEQUENCE NAME public.django_migrations_id_seq
    START WITH 1
    INCREMENT BY 1
    NO MINVALUE
    NO MAXVALUE
    CACHE 1
);


--
-- Name: django_session; Type: TABLE; Schema: public; Owner: medium_clone_user1
--

CREATE TABLE public.django_session (
    session_key character varying(40) NOT NULL,
    session_data text NOT NULL,
    expire_date timestamp with time zone NOT NULL
);


ALTER TABLE public.django_session OWNER TO medium_clone_user1;

--
-- Name: feeds_feed; Type: TABLE; Schema: public; Owner: medium_clone_user1
--

CREATE TABLE public.feeds_feed (
    id bigint NOT NULL,
    created_at timestamp with time zone NOT NULL,
    article_id bigint NOT NULL,
    user_id bigint NOT NULL
);


ALTER TABLE public.feeds_feed OWNER TO medium_clone_user1;

--
-- Name: feeds_feed_id_seq; Type: SEQUENCE; Schema: public; Owner: medium_clone_user1
--

ALTER TABLE public.feeds_feed ALTER COLUMN id ADD GENERATED BY DEFAULT AS IDENTITY (
    SEQUENCE NAME public.feeds_feed_id_seq
    START WITH 1
    INCREMENT BY 1
    NO MINVALUE
    NO MAXVALUE
    CACHE 1
);


--
-- Name: interactions_bookmark; Type: TABLE; Schema: public; Owner: medium_clone_user1
--

CREATE TABLE public.interactions_bookmark (
    id bigint NOT NULL,
    created_at timestamp with time zone NOT NULL,
    article_id bigint NOT NULL,
    user_id bigint NOT NULL
);


ALTER TABLE public.interactions_bookmark OWNER TO medium_clone_user1;

--
-- Name: interactions_bookmark_id_seq; Type: SEQUENCE; Schema: public; Owner: medium_clone_user1
--

ALTER TABLE public.interactions_bookmark ALTER COLUMN id ADD GENERATED BY DEFAULT AS IDENTITY (
    SEQUENCE NAME public.interactions_bookmark_id_seq
    START WITH 1
    INCREMENT BY 1
    NO MINVALUE
    NO MAXVALUE
    CACHE 1
);


--
-- Name: interactions_clap; Type: TABLE; Schema: public; Owner: medium_clone_user1
--

CREATE TABLE public.interactions_clap (
    id bigint NOT NULL,
    count integer NOT NULL,
    created_at timestamp with time zone NOT NULL,
    article_id bigint NOT NULL,
    user_id bigint NOT NULL,
    CONSTRAINT interactions_clap_count_check CHECK ((count >= 0))
);


ALTER TABLE public.interactions_clap OWNER TO medium_clone_user1;

--
-- Name: interactions_clap_id_seq; Type: SEQUENCE; Schema: public; Owner: medium_clone_user1
--

ALTER TABLE public.interactions_clap ALTER COLUMN id ADD GENERATED BY DEFAULT AS IDENTITY (
    SEQUENCE NAME public.interactions_clap_id_seq
    START WITH 1
    INCREMENT BY 1
    NO MINVALUE
    NO MAXVALUE
    CACHE 1
);


--
-- Name: notifications_notification; Type: TABLE; Schema: public; Owner: medium_clone_user1
--

CREATE TABLE public.notifications_notification (
    id bigint NOT NULL,
    notification_type character varying(20) NOT NULL,
    message text NOT NULL,
    is_read boolean NOT NULL,
    created_at timestamp with time zone NOT NULL,
    article_id bigint,
    comment_id bigint,
    recipient_id bigint NOT NULL,
    sender_id bigint NOT NULL
);


ALTER TABLE public.notifications_notification OWNER TO medium_clone_user1;

--
-- Name: notifications_notification_id_seq; Type: SEQUENCE; Schema: public; Owner: medium_clone_user1
--

ALTER TABLE public.notifications_notification ALTER COLUMN id ADD GENERATED BY DEFAULT AS IDENTITY (
    SEQUENCE NAME public.notifications_notification_id_seq
    START WITH 1
    INCREMENT BY 1
    NO MINVALUE
    NO MAXVALUE
    CACHE 1
);


--
-- Name: users_follow; Type: TABLE; Schema: public; Owner: medium_clone_user1
--

CREATE TABLE public.users_follow (
    id bigint NOT NULL,
    created_at timestamp with time zone NOT NULL,
    follower_id bigint NOT NULL,
    following_id bigint NOT NULL
);


ALTER TABLE public.users_follow OWNER TO medium_clone_user1;

--
-- Name: users_follow_id_seq; Type: SEQUENCE; Schema: public; Owner: medium_clone_user1
--

ALTER TABLE public.users_follow ALTER COLUMN id ADD GENERATED BY DEFAULT AS IDENTITY (
    SEQUENCE NAME public.users_follow_id_seq
    START WITH 1
    INCREMENT BY 1
    NO MINVALUE
    NO MAXVALUE
    CACHE 1
);


--
-- Name: users_passwordresettoken; Type: TABLE; Schema: public; Owner: medium_clone_user1
--

CREATE TABLE public.users_passwordresettoken (
    id bigint NOT NULL,
    token uuid NOT NULL,
    created_at timestamp with time zone NOT NULL,
    user_id bigint NOT NULL
);


ALTER TABLE public.users_passwordresettoken OWNER TO medium_clone_user1;

--
-- Name: users_passwordresettoken_id_seq; Type: SEQUENCE; Schema: public; Owner: medium_clone_user1
--

ALTER TABLE public.users_passwordresettoken ALTER COLUMN id ADD GENERATED BY DEFAULT AS IDENTITY (
    SEQUENCE NAME public.users_passwordresettoken_id_seq
    START WITH 1
    INCREMENT BY 1
    NO MINVALUE
    NO MAXVALUE
    CACHE 1
);


--
-- Name: users_user; Type: TABLE; Schema: public; Owner: medium_clone_user1
--

CREATE TABLE public.users_user (
    id bigint NOT NULL,
    password character varying(128) NOT NULL,
    last_login timestamp with time zone,
    is_superuser boolean NOT NULL,
    username character varying(150) NOT NULL,
    first_name character varying(150) NOT NULL,
    last_name character varying(150) NOT NULL,
    is_staff boolean NOT NULL,
    is_active boolean NOT NULL,
    date_joined timestamp with time zone NOT NULL,
    email character varying(254) NOT NULL,
    bio text NOT NULL,
    avatar character varying(100),
    website character varying(200) NOT NULL,
    twitter character varying(100) NOT NULL,
    linkedin character varying(100) NOT NULL,
    github character varying(100) NOT NULL,
    followers_count integer NOT NULL,
    following_count integer NOT NULL,
    created_at timestamp with time zone NOT NULL,
    updated_at timestamp with time zone NOT NULL,
    CONSTRAINT users_user_followers_count_check CHECK ((followers_count >= 0)),
    CONSTRAINT users_user_following_count_check CHECK ((following_count >= 0))
);


ALTER TABLE public.users_user OWNER TO medium_clone_user1;

--
-- Name: users_user_groups; Type: TABLE; Schema: public; Owner: medium_clone_user1
--

CREATE TABLE public.users_user_groups (
    id bigint NOT NULL,
    user_id bigint NOT NULL,
    group_id integer NOT NULL
);


ALTER TABLE public.users_user_groups OWNER TO medium_clone_user1;

--
-- Name: users_user_groups_id_seq; Type: SEQUENCE; Schema: public; Owner: medium_clone_user1
--

ALTER TABLE public.users_user_groups ALTER COLUMN id ADD GENERATED BY DEFAULT AS IDENTITY (
    SEQUENCE NAME public.users_user_groups_id_seq
    START WITH 1
    INCREMENT BY 1
    NO MINVALUE
    NO MAXVALUE
    CACHE 1
);


--
-- Name: users_user_id_seq; Type: SEQUENCE; Schema: public; Owner: medium_clone_user1
--

ALTER TABLE public.users_user ALTER COLUMN id ADD GENERATED BY DEFAULT AS IDENTITY (
    SEQUENCE NAME public.users_user_id_seq
    START WITH 1
    INCREMENT BY 1
    NO MINVALUE
    NO MAXVALUE
    CACHE 1
);


--
-- Name: users_user_user_permissions; Type: TABLE; Schema: public; Owner: medium_clone_user1
--

CREATE TABLE public.users_user_user_permissions (
    id bigint NOT NULL,
    user_id bigint NOT NULL,
    permission_id integer NOT NULL
);


ALTER TABLE public.users_user_user_permissions OWNER TO medium_clone_user1;

--
-- Name: users_user_user_permissions_id_seq; Type: SEQUENCE; Schema: public; Owner: medium_clone_user1
--

ALTER TABLE public.users_user_user_permissions ALTER COLUMN id ADD GENERATED BY DEFAULT AS IDENTITY (
    SEQUENCE NAME public.users_user_user_permissions_id_seq
    START WITH 1
    INCREMENT BY 1
    NO MINVALUE
    NO MAXVALUE
    CACHE 1
);


--
-- Data for Name: articles_article; Type: TABLE DATA; Schema: public; Owner: medium_clone_user1
--

COPY public.articles_article (id, title, slug, content, excerpt, status, featured_image, read_time, views_count, created_at, updated_at, published_at, author_id, scheduled_at) FROM stdin;
6	Content Blog	content-blog	Hey this is my demo blog check it out.	Rohit's Blog	published	articles/blog3.png	1	14	2026-01-13 12:26:47.850325+05:30	2026-01-13 12:26:47.968593+05:30	2026-01-13 12:26:47.968382+05:30	6	\N
1	Docker Info	docker-info	This is just demo	This is just a demo	published	articles/Screenshot_from_2026-01-10_17-33-37_r2yHjOS.png	1	24	2026-01-12 12:13:04.06215+05:30	2026-01-12 12:13:04.062189+05:30	2026-01-12 12:13:02+05:30	2	\N
2	Blog demo	blog-demo	Hello this is demo about blog content	This is just demo	published	articles/images.jpeg	1	15	2026-01-12 14:42:40.076788+05:30	2026-01-12 14:42:40.209282+05:30	2026-01-12 14:42:40.208997+05:30	2	\N
4	Blog demo	blog-demo-2	This is just demo blog	Demo Blog	published	articles/blog2_64G8gH8.jpg	1	6	2026-01-12 15:30:38.300842+05:30	2026-01-12 15:30:38.409294+05:30	2026-01-12 15:30:38.409101+05:30	4	\N
7	Virat's Blog	virats-blog	Hey this is virat's blog hope you will like it..!	Virat's Blog	published	articles/blog-design-examples.png	1	8	2026-01-13 12:52:17.677688+05:30	2026-01-13 12:52:17.776174+05:30	2026-01-13 12:52:17.775905+05:30	7	\N
3	Blog demo	blog-demo-1	Hello this is demo of test user	Hey this is demo	published	articles/blog2.jpg	1	11	2026-01-12 15:04:19.253397+05:30	2026-01-12 15:04:19.359199+05:30	2026-01-12 15:04:19.358933+05:30	4	\N
5	My Blog demo	my-blog-demo	Hello this is all about demo of blog content.	Demo Blog Content	published	articles/myblog.jpg	1	2	2026-01-13 12:11:32.057798+05:30	2026-01-13 12:11:32.16361+05:30	2026-01-13 12:11:32.163398+05:30	4	\N
\.


--
-- Data for Name: articles_article_tags; Type: TABLE DATA; Schema: public; Owner: medium_clone_user1
--

COPY public.articles_article_tags (id, article_id, tag_id) FROM stdin;
\.


--
-- Data for Name: articles_tag; Type: TABLE DATA; Schema: public; Owner: medium_clone_user1
--

COPY public.articles_tag (id, name, created_at) FROM stdin;
\.


--
-- Data for Name: auth_group; Type: TABLE DATA; Schema: public; Owner: medium_clone_user1
--

COPY public.auth_group (id, name) FROM stdin;
1	default
\.


--
-- Data for Name: auth_group_permissions; Type: TABLE DATA; Schema: public; Owner: medium_clone_user1
--

COPY public.auth_group_permissions (id, group_id, permission_id) FROM stdin;
1	1	1
2	1	2
3	1	3
4	1	4
5	1	13
6	1	14
7	1	15
8	1	16
9	1	17
10	1	18
11	1	19
12	1	20
13	1	65
14	1	66
15	1	67
16	1	68
17	1	69
18	1	70
19	1	71
20	1	72
21	1	73
22	1	74
23	1	75
24	1	76
25	1	77
26	1	78
27	1	79
28	1	80
29	1	81
30	1	82
31	1	83
32	1	84
33	1	85
34	1	86
35	1	87
36	1	88
37	1	89
38	1	90
39	1	91
40	1	92
41	1	93
42	1	94
43	1	95
44	1	96
45	1	97
46	1	98
47	1	99
48	1	100
\.


--
-- Data for Name: auth_permission; Type: TABLE DATA; Schema: public; Owner: medium_clone_user1
--

COPY public.auth_permission (id, name, content_type_id, codename) FROM stdin;
1	Can add log entry	1	add_logentry
2	Can change log entry	1	change_logentry
3	Can delete log entry	1	delete_logentry
4	Can view log entry	1	view_logentry
5	Can add permission	2	add_permission
6	Can change permission	2	change_permission
7	Can delete permission	2	delete_permission
8	Can view permission	2	view_permission
9	Can add group	3	add_group
10	Can change group	3	change_group
11	Can delete group	3	delete_group
12	Can view group	3	view_group
13	Can add content type	4	add_contenttype
14	Can change content type	4	change_contenttype
15	Can delete content type	4	delete_contenttype
16	Can view content type	4	view_contenttype
17	Can add session	5	add_session
18	Can change session	5	change_session
19	Can delete session	5	delete_session
20	Can view session	5	view_session
21	Can add Token	6	add_token
22	Can change Token	6	change_token
23	Can delete Token	6	delete_token
24	Can view Token	6	view_token
25	Can add token	7	add_tokenproxy
26	Can change token	7	change_tokenproxy
27	Can delete token	7	delete_tokenproxy
28	Can view token	7	view_tokenproxy
29	Can add crontab	8	add_crontabschedule
30	Can change crontab	8	change_crontabschedule
31	Can delete crontab	8	delete_crontabschedule
32	Can view crontab	8	view_crontabschedule
33	Can add interval	9	add_intervalschedule
34	Can change interval	9	change_intervalschedule
35	Can delete interval	9	delete_intervalschedule
36	Can view interval	9	view_intervalschedule
37	Can add periodic task	10	add_periodictask
38	Can change periodic task	10	change_periodictask
39	Can delete periodic task	10	delete_periodictask
40	Can view periodic task	10	view_periodictask
41	Can add periodic tasks	11	add_periodictasks
42	Can change periodic tasks	11	change_periodictasks
43	Can delete periodic tasks	11	delete_periodictasks
44	Can view periodic tasks	11	view_periodictasks
45	Can add solar event	12	add_solarschedule
46	Can change solar event	12	change_solarschedule
47	Can delete solar event	12	delete_solarschedule
48	Can view solar event	12	view_solarschedule
49	Can add clocked	13	add_clockedschedule
50	Can change clocked	13	change_clockedschedule
51	Can delete clocked	13	delete_clockedschedule
52	Can view clocked	13	view_clockedschedule
53	Can add task result	14	add_taskresult
54	Can change task result	14	change_taskresult
55	Can delete task result	14	delete_taskresult
56	Can view task result	14	view_taskresult
57	Can add chord counter	15	add_chordcounter
58	Can change chord counter	15	change_chordcounter
59	Can delete chord counter	15	delete_chordcounter
60	Can view chord counter	15	view_chordcounter
61	Can add group result	16	add_groupresult
62	Can change group result	16	change_groupresult
63	Can delete group result	16	delete_groupresult
64	Can view group result	16	view_groupresult
65	Can add user	17	add_user
66	Can change user	17	change_user
67	Can delete user	17	delete_user
68	Can view user	17	view_user
69	Can add follow	18	add_follow
70	Can change follow	18	change_follow
71	Can delete follow	18	delete_follow
72	Can view follow	18	view_follow
73	Can add tag	19	add_tag
74	Can change tag	19	change_tag
75	Can delete tag	19	delete_tag
76	Can view tag	19	view_tag
77	Can add article	20	add_article
78	Can change article	20	change_article
79	Can delete article	20	delete_article
80	Can view article	20	view_article
81	Can add clap	21	add_clap
82	Can change clap	21	change_clap
83	Can delete clap	21	delete_clap
84	Can view clap	21	view_clap
85	Can add bookmark	22	add_bookmark
86	Can change bookmark	22	change_bookmark
87	Can delete bookmark	22	delete_bookmark
88	Can view bookmark	22	view_bookmark
89	Can add comment	23	add_comment
90	Can change comment	23	change_comment
91	Can delete comment	23	delete_comment
92	Can view comment	23	view_comment
93	Can add notification	24	add_notification
94	Can change notification	24	change_notification
95	Can delete notification	24	delete_notification
96	Can view notification	24	view_notification
97	Can add feed	25	add_feed
98	Can change feed	25	change_feed
99	Can delete feed	25	delete_feed
100	Can view feed	25	view_feed
101	Can add password reset token	26	add_passwordresettoken
102	Can change password reset token	26	change_passwordresettoken
103	Can delete password reset token	26	delete_passwordresettoken
104	Can view password reset token	26	view_passwordresettoken
\.


--
-- Data for Name: authtoken_token; Type: TABLE DATA; Schema: public; Owner: medium_clone_user1
--

COPY public.authtoken_token (key, created, user_id) FROM stdin;
07dfffcf635be38723a702032394fbd37684730d	2026-01-12 12:19:07.375073+05:30	2
24f2b5dca51d27fec4285da6aca78ee04d37e6fd	2026-01-13 12:53:13.319483+05:30	7
\.


--
-- Data for Name: comments_comment; Type: TABLE DATA; Schema: public; Owner: medium_clone_user1
--

COPY public.comments_comment (id, content, created_at, updated_at, article_id, author_id, parent_id) FROM stdin;
1	Hello the demo was good	2026-01-12 12:13:26.34254+05:30	2026-01-12 12:13:26.342568+05:30	1	2	\N
2	This is Great	2026-01-12 14:51:08.878373+05:30	2026-01-12 14:51:08.878416+05:30	2	4	\N
3	Nice i like this blog	2026-01-13 12:25:05.366491+05:30	2026-01-13 12:25:05.366518+05:30	5	6	\N
\.


--
-- Data for Name: django_admin_log; Type: TABLE DATA; Schema: public; Owner: medium_clone_user1
--

COPY public.django_admin_log (id, action_time, object_id, object_repr, action_flag, change_message, content_type_id, user_id) FROM stdin;
1	2026-01-12 12:13:04.068495+05:30	1	Docker Info	1	[{"added": {}}]	20	2
2	2026-01-12 12:13:26.345264+05:30	1	Comment by JahedInamdar on Docker Info	1	[{"added": {}}]	23	2
3	2026-01-12 12:13:38.026731+05:30	1	Bookmark object (1)	1	[{"added": {}}]	22	2
4	2026-01-12 12:13:49.87696+05:30	1	Clap object (1)	1	[{"added": {}}]	21	2
5	2026-01-12 12:14:00.84712+05:30	1	2026-01-12 06:43:59+00:00	1	[{"added": {}}]	13	2
6	2026-01-12 12:14:16.381715+05:30	1	Follow object (1)	1	[{"added": {}}]	18	2
7	2026-01-12 12:16:38.165011+05:30	3		1	[{"added": {}}]	17	2
8	2026-01-12 12:17:43.129406+05:30	3	vishal1@gmail.com	2	[{"changed": {"fields": ["First name", "Last name", "Email", "User permissions"]}}]	17	2
9	2026-01-12 12:37:43.038846+05:30	1	Notification for Jahed: Hey this is demo	1	[{"added": {}}]	24	2
10	2026-01-12 14:43:44.160494+05:30	2	Follow object (2)	1	[{"added": {}}]	18	2
11	2026-01-12 14:45:18.26945+05:30	1	default	1	[{"added": {}}]	3	2
12	2026-01-12 14:45:45.775585+05:30	3	Follow object (3)	1	[{"added": {}}]	18	2
13	2026-01-12 14:48:11.73338+05:30	1	jahed2942@gmail.com	2	[{"changed": {"fields": ["User permissions"]}}]	17	2
14	2026-01-13 10:06:33.327911+05:30	5	Notification for test@example.com: I have Liked your content	1	[{"added": {}}]	24	5
\.


--
-- Data for Name: django_celery_beat_clockedschedule; Type: TABLE DATA; Schema: public; Owner: medium_clone_user1
--

COPY public.django_celery_beat_clockedschedule (id, clocked_time) FROM stdin;
1	2026-01-12 12:13:59+05:30
\.


--
-- Data for Name: django_celery_beat_crontabschedule; Type: TABLE DATA; Schema: public; Owner: medium_clone_user1
--

COPY public.django_celery_beat_crontabschedule (id, minute, hour, day_of_week, day_of_month, month_of_year, timezone) FROM stdin;
\.


--
-- Data for Name: django_celery_beat_intervalschedule; Type: TABLE DATA; Schema: public; Owner: medium_clone_user1
--

COPY public.django_celery_beat_intervalschedule (id, every, period) FROM stdin;
\.


--
-- Data for Name: django_celery_beat_periodictask; Type: TABLE DATA; Schema: public; Owner: medium_clone_user1
--

COPY public.django_celery_beat_periodictask (id, name, task, args, kwargs, queue, exchange, routing_key, expires, enabled, last_run_at, total_run_count, date_changed, description, crontab_id, interval_id, solar_id, one_off, start_time, priority, headers, clocked_id, expire_seconds) FROM stdin;
\.


--
-- Data for Name: django_celery_beat_periodictasks; Type: TABLE DATA; Schema: public; Owner: medium_clone_user1
--

COPY public.django_celery_beat_periodictasks (ident, last_update) FROM stdin;
1	2026-01-12 12:14:00.843304+05:30
\.


--
-- Data for Name: django_celery_beat_solarschedule; Type: TABLE DATA; Schema: public; Owner: medium_clone_user1
--

COPY public.django_celery_beat_solarschedule (id, event, latitude, longitude) FROM stdin;
\.


--
-- Data for Name: django_celery_results_chordcounter; Type: TABLE DATA; Schema: public; Owner: medium_clone_user1
--

COPY public.django_celery_results_chordcounter (id, group_id, sub_tasks, count) FROM stdin;
\.


--
-- Data for Name: django_celery_results_groupresult; Type: TABLE DATA; Schema: public; Owner: medium_clone_user1
--

COPY public.django_celery_results_groupresult (id, group_id, date_created, date_done, content_type, content_encoding, result) FROM stdin;
\.


--
-- Data for Name: django_celery_results_taskresult; Type: TABLE DATA; Schema: public; Owner: medium_clone_user1
--

COPY public.django_celery_results_taskresult (id, task_id, status, content_type, content_encoding, result, date_done, traceback, meta, task_args, task_kwargs, task_name, worker, date_created, periodic_task_name) FROM stdin;
\.


--
-- Data for Name: django_content_type; Type: TABLE DATA; Schema: public; Owner: medium_clone_user1
--

COPY public.django_content_type (id, app_label, model) FROM stdin;
1	admin	logentry
2	auth	permission
3	auth	group
4	contenttypes	contenttype
5	sessions	session
6	authtoken	token
7	authtoken	tokenproxy
8	django_celery_beat	crontabschedule
9	django_celery_beat	intervalschedule
10	django_celery_beat	periodictask
11	django_celery_beat	periodictasks
12	django_celery_beat	solarschedule
13	django_celery_beat	clockedschedule
14	django_celery_results	taskresult
15	django_celery_results	chordcounter
16	django_celery_results	groupresult
17	users	user
18	users	follow
19	articles	tag
20	articles	article
21	interactions	clap
22	interactions	bookmark
23	comments	comment
24	notifications	notification
25	feeds	feed
26	users	passwordresettoken
\.


--
-- Data for Name: django_migrations; Type: TABLE DATA; Schema: public; Owner: medium_clone_user1
--

COPY public.django_migrations (id, app, name, applied) FROM stdin;
1	contenttypes	0001_initial	2026-01-12 12:06:17.883338+05:30
2	contenttypes	0002_remove_content_type_name	2026-01-12 12:06:17.898135+05:30
3	auth	0001_initial	2026-01-12 12:06:17.940746+05:30
4	auth	0002_alter_permission_name_max_length	2026-01-12 12:06:17.950297+05:30
5	auth	0003_alter_user_email_max_length	2026-01-12 12:06:17.962208+05:30
6	auth	0004_alter_user_username_opts	2026-01-12 12:06:18.020132+05:30
7	auth	0005_alter_user_last_login_null	2026-01-12 12:06:18.031325+05:30
8	auth	0006_require_contenttypes_0002	2026-01-12 12:06:18.035113+05:30
9	auth	0007_alter_validators_add_error_messages	2026-01-12 12:06:18.045432+05:30
10	auth	0008_alter_user_username_max_length	2026-01-12 12:06:18.056728+05:30
11	auth	0009_alter_user_last_name_max_length	2026-01-12 12:06:18.068076+05:30
12	auth	0010_alter_group_name_max_length	2026-01-12 12:06:18.080743+05:30
13	auth	0011_update_proxy_permissions	2026-01-12 12:06:18.092173+05:30
14	auth	0012_alter_user_first_name_max_length	2026-01-12 12:06:18.103053+05:30
15	users	0001_initial	2026-01-12 12:06:18.166506+05:30
16	admin	0001_initial	2026-01-12 12:06:18.19652+05:30
17	admin	0002_logentry_remove_auto_add	2026-01-12 12:06:18.213696+05:30
18	admin	0003_logentry_add_action_flag_choices	2026-01-12 12:06:18.234388+05:30
19	articles	0001_initial	2026-01-12 12:06:18.283375+05:30
20	authtoken	0001_initial	2026-01-12 12:06:18.314355+05:30
21	authtoken	0002_auto_20160226_1747	2026-01-12 12:06:18.378699+05:30
22	authtoken	0003_tokenproxy	2026-01-12 12:06:18.383794+05:30
23	comments	0001_initial	2026-01-12 12:06:18.419287+05:30
24	django_celery_beat	0001_initial	2026-01-12 12:06:18.456794+05:30
25	django_celery_beat	0002_auto_20161118_0346	2026-01-12 12:06:18.474839+05:30
26	django_celery_beat	0003_auto_20161209_0049	2026-01-12 12:06:18.490166+05:30
27	django_celery_beat	0004_auto_20170221_0000	2026-01-12 12:06:18.499631+05:30
28	django_celery_beat	0005_add_solarschedule_events_choices	2026-01-12 12:06:18.509116+05:30
29	django_celery_beat	0006_auto_20180322_0932	2026-01-12 12:06:18.563287+05:30
30	django_celery_beat	0007_auto_20180521_0826	2026-01-12 12:06:18.595523+05:30
31	django_celery_beat	0008_auto_20180914_1922	2026-01-12 12:06:18.648944+05:30
32	django_celery_beat	0006_auto_20180210_1226	2026-01-12 12:06:18.683727+05:30
33	django_celery_beat	0006_periodictask_priority	2026-01-12 12:06:18.702938+05:30
34	django_celery_beat	0009_periodictask_headers	2026-01-12 12:06:18.722477+05:30
35	django_celery_beat	0010_auto_20190429_0326	2026-01-12 12:06:18.991811+05:30
36	django_celery_beat	0011_auto_20190508_0153	2026-01-12 12:06:19.029826+05:30
37	django_celery_beat	0012_periodictask_expire_seconds	2026-01-12 12:06:19.047194+05:30
38	django_celery_beat	0013_auto_20200609_0727	2026-01-12 12:06:19.067004+05:30
39	django_celery_beat	0014_remove_clockedschedule_enabled	2026-01-12 12:06:19.07692+05:30
40	django_celery_beat	0015_edit_solarschedule_events_choices	2026-01-12 12:06:19.086658+05:30
41	django_celery_beat	0016_alter_crontabschedule_timezone	2026-01-12 12:06:19.107684+05:30
42	django_celery_beat	0017_alter_crontabschedule_month_of_year	2026-01-12 12:06:19.122613+05:30
43	django_celery_beat	0018_improve_crontab_helptext	2026-01-12 12:06:19.138099+05:30
44	django_celery_results	0001_initial	2026-01-12 12:06:19.151725+05:30
45	django_celery_results	0002_add_task_name_args_kwargs	2026-01-12 12:06:19.166837+05:30
46	django_celery_results	0003_auto_20181106_1101	2026-01-12 12:06:19.175263+05:30
47	django_celery_results	0004_auto_20190516_0412	2026-01-12 12:06:19.221072+05:30
48	django_celery_results	0005_taskresult_worker	2026-01-12 12:06:19.231583+05:30
49	django_celery_results	0006_taskresult_date_created	2026-01-12 12:06:19.280458+05:30
50	django_celery_results	0007_remove_taskresult_hidden	2026-01-12 12:06:19.287775+05:30
51	django_celery_results	0008_chordcounter	2026-01-12 12:06:19.300258+05:30
52	django_celery_results	0009_groupresult	2026-01-12 12:06:19.398654+05:30
53	django_celery_results	0010_remove_duplicate_indices	2026-01-12 12:06:19.410339+05:30
54	django_celery_results	0011_taskresult_periodic_task_name	2026-01-12 12:06:19.418813+05:30
55	feeds	0001_initial	2026-01-12 12:06:19.456619+05:30
56	interactions	0001_initial	2026-01-12 12:06:19.523618+05:30
57	notifications	0001_initial	2026-01-12 12:06:19.569725+05:30
58	sessions	0001_initial	2026-01-12 12:06:19.581126+05:30
59	articles	0002_article_scheduled_at_alter_article_status	2026-01-12 15:30:26.573089+05:30
60	users	0002_passwordresettoken	2026-01-12 15:38:13.445936+05:30
\.


--
-- Data for Name: django_session; Type: TABLE DATA; Schema: public; Owner: medium_clone_user1
--

COPY public.django_session (session_key, session_data, expire_date) FROM stdin;
4zu3b8xc08zlb241vft62nar4qohxv0w	.eJxVjMEOwiAQBf-FsyGwQKEevfcbCCyLVA0kpT0Z_9026UGvb2bem_mwrcVvnRY_J3Zlhl1-txjwSfUA6RHqvXFsdV3myA-Fn7TzqSV63U7376CEXvZa5zyAAAOUnbXa0hhIJgkknYEBhZMac1BjJAORwKVdzTlKgwmVUIZ9vtrsN9A:1vfW7t:tnY81Whic4jIc2JxfKRxYCG8J3_eb6JvVHHkXhZa8Ik	2026-01-27 10:05:29.325876+05:30
\.


--
-- Data for Name: feeds_feed; Type: TABLE DATA; Schema: public; Owner: medium_clone_user1
--

COPY public.feeds_feed (id, created_at, article_id, user_id) FROM stdin;
\.


--
-- Data for Name: interactions_bookmark; Type: TABLE DATA; Schema: public; Owner: medium_clone_user1
--

COPY public.interactions_bookmark (id, created_at, article_id, user_id) FROM stdin;
1	2026-01-12 12:13:38.0241+05:30	1	2
2	2026-01-12 14:51:14.994463+05:30	2	4
3	2026-01-12 15:07:46.290089+05:30	3	4
4	2026-01-12 15:12:03.715528+05:30	1	4
5	2026-01-13 12:52:52.086474+05:30	7	6
\.


--
-- Data for Name: interactions_clap; Type: TABLE DATA; Schema: public; Owner: medium_clone_user1
--

COPY public.interactions_clap (id, count, created_at, article_id, user_id) FROM stdin;
1	7	2026-01-12 12:13:49.875095+05:30	1	2
2	4	2026-01-12 14:51:13.846015+05:30	2	4
4	4	2026-01-12 15:07:20.272388+05:30	3	4
3	3	2026-01-12 15:04:29.056229+05:30	1	4
5	3	2026-01-12 15:30:50.844492+05:30	4	4
6	1	2026-01-13 12:24:55.080619+05:30	5	6
7	1	2026-01-13 12:28:10.104631+05:30	6	4
8	1	2026-01-13 12:45:38.849522+05:30	6	7
9	1	2026-01-13 12:52:50.406898+05:30	7	6
\.


--
-- Data for Name: notifications_notification; Type: TABLE DATA; Schema: public; Owner: medium_clone_user1
--

COPY public.notifications_notification (id, notification_type, message, is_read, created_at, article_id, comment_id, recipient_id, sender_id) FROM stdin;
1	follow	Hey this is demo	f	2026-01-12 12:37:43.036488+05:30	1	1	1	2
2	like	test@example.com clapped your article: Blog demo	f	2026-01-12 15:11:55.199622+05:30	2	\N	2	4
3	like	test@example.com clapped your article: Docker Info	f	2026-01-12 15:12:02.324125+05:30	1	\N	2	4
4	like	test@example.com clapped your article: Docker Info	f	2026-01-12 15:46:20.85841+05:30	1	\N	2	4
5	like	I have Liked your content	t	2026-01-13 10:06:33.325258+05:30	4	2	4	2
6	like	rohit45@gmail.com clapped your article: My Blog demo	t	2026-01-13 12:24:55.097147+05:30	5	\N	4	6
8	follow	test@example.com started following you	t	2026-01-13 12:34:25.746773+05:30	\N	\N	6	4
7	like	test@example.com clapped your article: Content Blog	t	2026-01-13 12:28:10.10934+05:30	6	\N	6	4
9	follow	rohit45@gmail.com started following you	t	2026-01-13 12:35:28.465803+05:30	\N	\N	4	6
10	follow	virat18@gmail.com started following you	t	2026-01-13 12:45:26.309728+05:30	\N	\N	6	7
11	like	virat18@gmail.com clapped your article: Content Blog	t	2026-01-13 12:45:38.855678+05:30	6	\N	6	7
13	follow	rohit45@gmail.com started following you	t	2026-01-13 12:52:55.482769+05:30	\N	\N	7	6
12	like	rohit45@gmail.com clapped your article: Virat's Blog	t	2026-01-13 12:52:50.422166+05:30	7	\N	7	6
\.


--
-- Data for Name: users_follow; Type: TABLE DATA; Schema: public; Owner: medium_clone_user1
--

COPY public.users_follow (id, created_at, follower_id, following_id) FROM stdin;
1	2026-01-12 12:14:16.380259+05:30	2	2
2	2026-01-12 14:43:44.159077+05:30	1	2
3	2026-01-12 14:45:45.774292+05:30	4	2
4	2026-01-13 12:34:25.733559+05:30	4	6
5	2026-01-13 12:35:28.463094+05:30	6	4
6	2026-01-13 12:45:26.297242+05:30	7	6
7	2026-01-13 12:52:55.470163+05:30	6	7
\.


--
-- Data for Name: users_passwordresettoken; Type: TABLE DATA; Schema: public; Owner: medium_clone_user1
--

COPY public.users_passwordresettoken (id, token, created_at, user_id) FROM stdin;
1	de52e906-7abc-4669-872c-c4d24806e11b	2026-01-12 16:25:27.503972+05:30	1
\.


--
-- Data for Name: users_user; Type: TABLE DATA; Schema: public; Owner: medium_clone_user1
--

COPY public.users_user (id, password, last_login, is_superuser, username, first_name, last_name, is_staff, is_active, date_joined, email, bio, avatar, website, twitter, linkedin, github, followers_count, following_count, created_at, updated_at) FROM stdin;
2	pbkdf2_sha256$600000$ZWRg41Gg6aqXaGAjPfAgBG$Dk66/WO8iNMcTmRJmiKr6Ss3M4zDWHn6qpxPY0ZU524=	2026-01-12 12:11:42.682209+05:30	t	JahedInamdar			t	t	2026-01-12 12:10:59.812144+05:30	jahed2968@gmail.com							0	0	2026-01-12 12:11:00.209214+05:30	2026-01-12 12:11:00.209231+05:30
3	pbkdf2_sha256$600000$o8dHgNW7TmvO7eOaxqMSBP$0WvS4KqOtWbYfOFBnpDQVqgYbJ8uMhMDfnPRHjeTWOo=	\N	f	Demo@2942	Vishal	Ambade	f	t	2026-01-12 12:16:37+05:30	vishal1@gmail.com							0	0	2026-01-12 12:16:38.162944+05:30	2026-01-12 12:17:43.118093+05:30
1	pbkdf2_sha256$600000$XGoYK82LNP2qjX3bFhAJgA$BGWeF4cowPRDHyC2QJ7mt34SfX5ti2vltWC5cWJ45Fc=	\N	t	Jahed			t	t	2026-01-12 12:07:54+05:30	jahed2942@gmail.com							0	0	2026-01-12 12:07:54.646114+05:30	2026-01-12 14:48:11.718489+05:30
4	pbkdf2_sha256$600000$6K6VJjXN9cvelTKaxtE0ST$kN4cSiLyfv4S6hJ46M4brVQP+WAFOMQX24aPGOflhNE=	\N	f	test@example.com	Test	User	f	t	2026-01-12 12:46:06.595611+05:30	test@example.com	Iam a Great blogger	avatars/avtar2.jpg					0	0	2026-01-12 12:46:06.993756+05:30	2026-01-12 15:03:06.879543+05:30
5	pbkdf2_sha256$600000$ZGl3OsUNKx6gvf415vqTrT$qo50cUcQiMA+jJSQf0GamVp4ph607Vc0UI5dEHiVh00=	2026-01-13 10:05:29.322779+05:30	t	JahedInamdar07			t	t	2026-01-13 10:04:57.047892+05:30	jahedinamdar07@gmail.com							0	0	2026-01-13 10:04:57.480341+05:30	2026-01-13 10:04:57.48036+05:30
6	pbkdf2_sha256$600000$4EvX6V5qmiPTR8ofHdCVav$D9d+0nomPuF4svf3TVVbabcvC2nzpUX8zK00T1iUelE=	\N	f	rohit45@gmail.com	Rohit	Sharma	f	t	2026-01-13 12:24:38.858613+05:30	rohit45@gmail.com		avatars/rohit.jpg					0	0	2026-01-13 12:24:39.266739+05:30	2026-01-13 12:43:59.048562+05:30
7	pbkdf2_sha256$600000$M11BC4EEPO0So8sFU2wp6a$gDfjIff4AHJNHNWq6VDGaylVwudeqjBrZhoSu4Zd3rA=	\N	f	virat18@gmail.com	Virat	Kohli	f	t	2026-01-13 12:45:08.133756+05:30	virat18@gmail.com		avatars/virat2.jpeg					0	0	2026-01-13 12:45:08.553702+05:30	2026-01-13 12:50:58.10101+05:30
\.


--
-- Data for Name: users_user_groups; Type: TABLE DATA; Schema: public; Owner: medium_clone_user1
--

COPY public.users_user_groups (id, user_id, group_id) FROM stdin;
\.


--
-- Data for Name: users_user_user_permissions; Type: TABLE DATA; Schema: public; Owner: medium_clone_user1
--

COPY public.users_user_user_permissions (id, user_id, permission_id) FROM stdin;
1	3	17
2	3	18
3	3	19
4	3	20
5	3	69
6	3	70
7	3	71
8	3	72
9	3	81
10	3	82
11	3	83
12	3	84
13	3	85
14	3	86
15	3	87
16	3	88
17	3	93
18	3	94
19	3	95
20	3	96
21	3	97
22	3	98
23	3	99
24	3	100
25	1	65
26	1	66
27	1	67
28	1	68
29	1	69
30	1	70
31	1	71
32	1	72
33	1	73
34	1	74
35	1	75
36	1	76
37	1	77
38	1	78
39	1	79
40	1	80
41	1	81
42	1	82
43	1	83
44	1	84
45	1	85
46	1	86
47	1	87
48	1	88
49	1	93
50	1	94
51	1	95
52	1	96
53	1	97
54	1	98
55	1	99
56	1	100
\.


--
-- Name: articles_article_id_seq; Type: SEQUENCE SET; Schema: public; Owner: medium_clone_user1
--

SELECT pg_catalog.setval('public.articles_article_id_seq', 7, true);


--
-- Name: articles_article_tags_id_seq; Type: SEQUENCE SET; Schema: public; Owner: medium_clone_user1
--

SELECT pg_catalog.setval('public.articles_article_tags_id_seq', 1, false);


--
-- Name: articles_tag_id_seq; Type: SEQUENCE SET; Schema: public; Owner: medium_clone_user1
--

SELECT pg_catalog.setval('public.articles_tag_id_seq', 1, false);


--
-- Name: auth_group_id_seq; Type: SEQUENCE SET; Schema: public; Owner: medium_clone_user1
--

SELECT pg_catalog.setval('public.auth_group_id_seq', 1, true);


--
-- Name: auth_group_permissions_id_seq; Type: SEQUENCE SET; Schema: public; Owner: medium_clone_user1
--

SELECT pg_catalog.setval('public.auth_group_permissions_id_seq', 48, true);


--
-- Name: auth_permission_id_seq; Type: SEQUENCE SET; Schema: public; Owner: medium_clone_user1
--

SELECT pg_catalog.setval('public.auth_permission_id_seq', 104, true);


--
-- Name: comments_comment_id_seq; Type: SEQUENCE SET; Schema: public; Owner: medium_clone_user1
--

SELECT pg_catalog.setval('public.comments_comment_id_seq', 3, true);


--
-- Name: django_admin_log_id_seq; Type: SEQUENCE SET; Schema: public; Owner: medium_clone_user1
--

SELECT pg_catalog.setval('public.django_admin_log_id_seq', 14, true);


--
-- Name: django_celery_beat_clockedschedule_id_seq; Type: SEQUENCE SET; Schema: public; Owner: medium_clone_user1
--

SELECT pg_catalog.setval('public.django_celery_beat_clockedschedule_id_seq', 1, true);


--
-- Name: django_celery_beat_crontabschedule_id_seq; Type: SEQUENCE SET; Schema: public; Owner: medium_clone_user1
--

SELECT pg_catalog.setval('public.django_celery_beat_crontabschedule_id_seq', 1, false);


--
-- Name: django_celery_beat_intervalschedule_id_seq; Type: SEQUENCE SET; Schema: public; Owner: medium_clone_user1
--

SELECT pg_catalog.setval('public.django_celery_beat_intervalschedule_id_seq', 1, false);


--
-- Name: django_celery_beat_periodictask_id_seq; Type: SEQUENCE SET; Schema: public; Owner: medium_clone_user1
--

SELECT pg_catalog.setval('public.django_celery_beat_periodictask_id_seq', 1, false);


--
-- Name: django_celery_beat_solarschedule_id_seq; Type: SEQUENCE SET; Schema: public; Owner: medium_clone_user1
--

SELECT pg_catalog.setval('public.django_celery_beat_solarschedule_id_seq', 1, false);


--
-- Name: django_celery_results_chordcounter_id_seq; Type: SEQUENCE SET; Schema: public; Owner: medium_clone_user1
--

SELECT pg_catalog.setval('public.django_celery_results_chordcounter_id_seq', 1, false);


--
-- Name: django_celery_results_groupresult_id_seq; Type: SEQUENCE SET; Schema: public; Owner: medium_clone_user1
--

SELECT pg_catalog.setval('public.django_celery_results_groupresult_id_seq', 1, false);


--
-- Name: django_celery_results_taskresult_id_seq; Type: SEQUENCE SET; Schema: public; Owner: medium_clone_user1
--

SELECT pg_catalog.setval('public.django_celery_results_taskresult_id_seq', 1, false);


--
-- Name: django_content_type_id_seq; Type: SEQUENCE SET; Schema: public; Owner: medium_clone_user1
--

SELECT pg_catalog.setval('public.django_content_type_id_seq', 26, true);


--
-- Name: django_migrations_id_seq; Type: SEQUENCE SET; Schema: public; Owner: medium_clone_user1
--

SELECT pg_catalog.setval('public.django_migrations_id_seq', 60, true);


--
-- Name: feeds_feed_id_seq; Type: SEQUENCE SET; Schema: public; Owner: medium_clone_user1
--

SELECT pg_catalog.setval('public.feeds_feed_id_seq', 1, false);


--
-- Name: interactions_bookmark_id_seq; Type: SEQUENCE SET; Schema: public; Owner: medium_clone_user1
--

SELECT pg_catalog.setval('public.interactions_bookmark_id_seq', 5, true);


--
-- Name: interactions_clap_id_seq; Type: SEQUENCE SET; Schema: public; Owner: medium_clone_user1
--

SELECT pg_catalog.setval('public.interactions_clap_id_seq', 9, true);


--
-- Name: notifications_notification_id_seq; Type: SEQUENCE SET; Schema: public; Owner: medium_clone_user1
--

SELECT pg_catalog.setval('public.notifications_notification_id_seq', 13, true);


--
-- Name: users_follow_id_seq; Type: SEQUENCE SET; Schema: public; Owner: medium_clone_user1
--

SELECT pg_catalog.setval('public.users_follow_id_seq', 7, true);


--
-- Name: users_passwordresettoken_id_seq; Type: SEQUENCE SET; Schema: public; Owner: medium_clone_user1
--

SELECT pg_catalog.setval('public.users_passwordresettoken_id_seq', 1, true);


--
-- Name: users_user_groups_id_seq; Type: SEQUENCE SET; Schema: public; Owner: medium_clone_user1
--

SELECT pg_catalog.setval('public.users_user_groups_id_seq', 1, false);


--
-- Name: users_user_id_seq; Type: SEQUENCE SET; Schema: public; Owner: medium_clone_user1
--

SELECT pg_catalog.setval('public.users_user_id_seq', 7, true);


--
-- Name: users_user_user_permissions_id_seq; Type: SEQUENCE SET; Schema: public; Owner: medium_clone_user1
--

SELECT pg_catalog.setval('public.users_user_user_permissions_id_seq', 56, true);


--
-- Name: articles_article articles_article_pkey; Type: CONSTRAINT; Schema: public; Owner: medium_clone_user1
--

ALTER TABLE ONLY public.articles_article
    ADD CONSTRAINT articles_article_pkey PRIMARY KEY (id);


--
-- Name: articles_article articles_article_slug_key; Type: CONSTRAINT; Schema: public; Owner: medium_clone_user1
--

ALTER TABLE ONLY public.articles_article
    ADD CONSTRAINT articles_article_slug_key UNIQUE (slug);


--
-- Name: articles_article_tags articles_article_tags_article_id_tag_id_1988a91e_uniq; Type: CONSTRAINT; Schema: public; Owner: medium_clone_user1
--

ALTER TABLE ONLY public.articles_article_tags
    ADD CONSTRAINT articles_article_tags_article_id_tag_id_1988a91e_uniq UNIQUE (article_id, tag_id);


--
-- Name: articles_article_tags articles_article_tags_pkey; Type: CONSTRAINT; Schema: public; Owner: medium_clone_user1
--

ALTER TABLE ONLY public.articles_article_tags
    ADD CONSTRAINT articles_article_tags_pkey PRIMARY KEY (id);


--
-- Name: articles_tag articles_tag_name_key; Type: CONSTRAINT; Schema: public; Owner: medium_clone_user1
--

ALTER TABLE ONLY public.articles_tag
    ADD CONSTRAINT articles_tag_name_key UNIQUE (name);


--
-- Name: articles_tag articles_tag_pkey; Type: CONSTRAINT; Schema: public; Owner: medium_clone_user1
--

ALTER TABLE ONLY public.articles_tag
    ADD CONSTRAINT articles_tag_pkey PRIMARY KEY (id);


--
-- Name: auth_group auth_group_name_key; Type: CONSTRAINT; Schema: public; Owner: medium_clone_user1
--

ALTER TABLE ONLY public.auth_group
    ADD CONSTRAINT auth_group_name_key UNIQUE (name);


--
-- Name: auth_group_permissions auth_group_permissions_group_id_permission_id_0cd325b0_uniq; Type: CONSTRAINT; Schema: public; Owner: medium_clone_user1
--

ALTER TABLE ONLY public.auth_group_permissions
    ADD CONSTRAINT auth_group_permissions_group_id_permission_id_0cd325b0_uniq UNIQUE (group_id, permission_id);


--
-- Name: auth_group_permissions auth_group_permissions_pkey; Type: CONSTRAINT; Schema: public; Owner: medium_clone_user1
--

ALTER TABLE ONLY public.auth_group_permissions
    ADD CONSTRAINT auth_group_permissions_pkey PRIMARY KEY (id);


--
-- Name: auth_group auth_group_pkey; Type: CONSTRAINT; Schema: public; Owner: medium_clone_user1
--

ALTER TABLE ONLY public.auth_group
    ADD CONSTRAINT auth_group_pkey PRIMARY KEY (id);


--
-- Name: auth_permission auth_permission_content_type_id_codename_01ab375a_uniq; Type: CONSTRAINT; Schema: public; Owner: medium_clone_user1
--

ALTER TABLE ONLY public.auth_permission
    ADD CONSTRAINT auth_permission_content_type_id_codename_01ab375a_uniq UNIQUE (content_type_id, codename);


--
-- Name: auth_permission auth_permission_pkey; Type: CONSTRAINT; Schema: public; Owner: medium_clone_user1
--

ALTER TABLE ONLY public.auth_permission
    ADD CONSTRAINT auth_permission_pkey PRIMARY KEY (id);


--
-- Name: authtoken_token authtoken_token_pkey; Type: CONSTRAINT; Schema: public; Owner: medium_clone_user1
--

ALTER TABLE ONLY public.authtoken_token
    ADD CONSTRAINT authtoken_token_pkey PRIMARY KEY (key);


--
-- Name: authtoken_token authtoken_token_user_id_key; Type: CONSTRAINT; Schema: public; Owner: medium_clone_user1
--

ALTER TABLE ONLY public.authtoken_token
    ADD CONSTRAINT authtoken_token_user_id_key UNIQUE (user_id);


--
-- Name: comments_comment comments_comment_pkey; Type: CONSTRAINT; Schema: public; Owner: medium_clone_user1
--

ALTER TABLE ONLY public.comments_comment
    ADD CONSTRAINT comments_comment_pkey PRIMARY KEY (id);


--
-- Name: django_admin_log django_admin_log_pkey; Type: CONSTRAINT; Schema: public; Owner: medium_clone_user1
--

ALTER TABLE ONLY public.django_admin_log
    ADD CONSTRAINT django_admin_log_pkey PRIMARY KEY (id);


--
-- Name: django_celery_beat_clockedschedule django_celery_beat_clockedschedule_pkey; Type: CONSTRAINT; Schema: public; Owner: medium_clone_user1
--

ALTER TABLE ONLY public.django_celery_beat_clockedschedule
    ADD CONSTRAINT django_celery_beat_clockedschedule_pkey PRIMARY KEY (id);


--
-- Name: django_celery_beat_crontabschedule django_celery_beat_crontabschedule_pkey; Type: CONSTRAINT; Schema: public; Owner: medium_clone_user1
--

ALTER TABLE ONLY public.django_celery_beat_crontabschedule
    ADD CONSTRAINT django_celery_beat_crontabschedule_pkey PRIMARY KEY (id);


--
-- Name: django_celery_beat_intervalschedule django_celery_beat_intervalschedule_pkey; Type: CONSTRAINT; Schema: public; Owner: medium_clone_user1
--

ALTER TABLE ONLY public.django_celery_beat_intervalschedule
    ADD CONSTRAINT django_celery_beat_intervalschedule_pkey PRIMARY KEY (id);


--
-- Name: django_celery_beat_periodictask django_celery_beat_periodictask_name_key; Type: CONSTRAINT; Schema: public; Owner: medium_clone_user1
--

ALTER TABLE ONLY public.django_celery_beat_periodictask
    ADD CONSTRAINT django_celery_beat_periodictask_name_key UNIQUE (name);


--
-- Name: django_celery_beat_periodictask django_celery_beat_periodictask_pkey; Type: CONSTRAINT; Schema: public; Owner: medium_clone_user1
--

ALTER TABLE ONLY public.django_celery_beat_periodictask
    ADD CONSTRAINT django_celery_beat_periodictask_pkey PRIMARY KEY (id);


--
-- Name: django_celery_beat_periodictasks django_celery_beat_periodictasks_pkey; Type: CONSTRAINT; Schema: public; Owner: medium_clone_user1
--

ALTER TABLE ONLY public.django_celery_beat_periodictasks
    ADD CONSTRAINT django_celery_beat_periodictasks_pkey PRIMARY KEY (ident);


--
-- Name: django_celery_beat_solarschedule django_celery_beat_solar_event_latitude_longitude_ba64999a_uniq; Type: CONSTRAINT; Schema: public; Owner: medium_clone_user1
--

ALTER TABLE ONLY public.django_celery_beat_solarschedule
    ADD CONSTRAINT django_celery_beat_solar_event_latitude_longitude_ba64999a_uniq UNIQUE (event, latitude, longitude);


--
-- Name: django_celery_beat_solarschedule django_celery_beat_solarschedule_pkey; Type: CONSTRAINT; Schema: public; Owner: medium_clone_user1
--

ALTER TABLE ONLY public.django_celery_beat_solarschedule
    ADD CONSTRAINT django_celery_beat_solarschedule_pkey PRIMARY KEY (id);


--
-- Name: django_celery_results_chordcounter django_celery_results_chordcounter_group_id_key; Type: CONSTRAINT; Schema: public; Owner: medium_clone_user1
--

ALTER TABLE ONLY public.django_celery_results_chordcounter
    ADD CONSTRAINT django_celery_results_chordcounter_group_id_key UNIQUE (group_id);


--
-- Name: django_celery_results_chordcounter django_celery_results_chordcounter_pkey; Type: CONSTRAINT; Schema: public; Owner: medium_clone_user1
--

ALTER TABLE ONLY public.django_celery_results_chordcounter
    ADD CONSTRAINT django_celery_results_chordcounter_pkey PRIMARY KEY (id);


--
-- Name: django_celery_results_groupresult django_celery_results_groupresult_group_id_key; Type: CONSTRAINT; Schema: public; Owner: medium_clone_user1
--

ALTER TABLE ONLY public.django_celery_results_groupresult
    ADD CONSTRAINT django_celery_results_groupresult_group_id_key UNIQUE (group_id);


--
-- Name: django_celery_results_groupresult django_celery_results_groupresult_pkey; Type: CONSTRAINT; Schema: public; Owner: medium_clone_user1
--

ALTER TABLE ONLY public.django_celery_results_groupresult
    ADD CONSTRAINT django_celery_results_groupresult_pkey PRIMARY KEY (id);


--
-- Name: django_celery_results_taskresult django_celery_results_taskresult_pkey; Type: CONSTRAINT; Schema: public; Owner: medium_clone_user1
--

ALTER TABLE ONLY public.django_celery_results_taskresult
    ADD CONSTRAINT django_celery_results_taskresult_pkey PRIMARY KEY (id);


--
-- Name: django_celery_results_taskresult django_celery_results_taskresult_task_id_key; Type: CONSTRAINT; Schema: public; Owner: medium_clone_user1
--

ALTER TABLE ONLY public.django_celery_results_taskresult
    ADD CONSTRAINT django_celery_results_taskresult_task_id_key UNIQUE (task_id);


--
-- Name: django_content_type django_content_type_app_label_model_76bd3d3b_uniq; Type: CONSTRAINT; Schema: public; Owner: medium_clone_user1
--

ALTER TABLE ONLY public.django_content_type
    ADD CONSTRAINT django_content_type_app_label_model_76bd3d3b_uniq UNIQUE (app_label, model);


--
-- Name: django_content_type django_content_type_pkey; Type: CONSTRAINT; Schema: public; Owner: medium_clone_user1
--

ALTER TABLE ONLY public.django_content_type
    ADD CONSTRAINT django_content_type_pkey PRIMARY KEY (id);


--
-- Name: django_migrations django_migrations_pkey; Type: CONSTRAINT; Schema: public; Owner: medium_clone_user1
--

ALTER TABLE ONLY public.django_migrations
    ADD CONSTRAINT django_migrations_pkey PRIMARY KEY (id);


--
-- Name: django_session django_session_pkey; Type: CONSTRAINT; Schema: public; Owner: medium_clone_user1
--

ALTER TABLE ONLY public.django_session
    ADD CONSTRAINT django_session_pkey PRIMARY KEY (session_key);


--
-- Name: feeds_feed feeds_feed_pkey; Type: CONSTRAINT; Schema: public; Owner: medium_clone_user1
--

ALTER TABLE ONLY public.feeds_feed
    ADD CONSTRAINT feeds_feed_pkey PRIMARY KEY (id);


--
-- Name: feeds_feed feeds_feed_user_id_article_id_b2ed7af8_uniq; Type: CONSTRAINT; Schema: public; Owner: medium_clone_user1
--

ALTER TABLE ONLY public.feeds_feed
    ADD CONSTRAINT feeds_feed_user_id_article_id_b2ed7af8_uniq UNIQUE (user_id, article_id);


--
-- Name: interactions_bookmark interactions_bookmark_pkey; Type: CONSTRAINT; Schema: public; Owner: medium_clone_user1
--

ALTER TABLE ONLY public.interactions_bookmark
    ADD CONSTRAINT interactions_bookmark_pkey PRIMARY KEY (id);


--
-- Name: interactions_bookmark interactions_bookmark_user_id_article_id_896c9854_uniq; Type: CONSTRAINT; Schema: public; Owner: medium_clone_user1
--

ALTER TABLE ONLY public.interactions_bookmark
    ADD CONSTRAINT interactions_bookmark_user_id_article_id_896c9854_uniq UNIQUE (user_id, article_id);


--
-- Name: interactions_clap interactions_clap_pkey; Type: CONSTRAINT; Schema: public; Owner: medium_clone_user1
--

ALTER TABLE ONLY public.interactions_clap
    ADD CONSTRAINT interactions_clap_pkey PRIMARY KEY (id);


--
-- Name: interactions_clap interactions_clap_user_id_article_id_c29d2ee9_uniq; Type: CONSTRAINT; Schema: public; Owner: medium_clone_user1
--

ALTER TABLE ONLY public.interactions_clap
    ADD CONSTRAINT interactions_clap_user_id_article_id_c29d2ee9_uniq UNIQUE (user_id, article_id);


--
-- Name: notifications_notification notifications_notification_pkey; Type: CONSTRAINT; Schema: public; Owner: medium_clone_user1
--

ALTER TABLE ONLY public.notifications_notification
    ADD CONSTRAINT notifications_notification_pkey PRIMARY KEY (id);


--
-- Name: users_follow users_follow_follower_id_following_id_3128ce38_uniq; Type: CONSTRAINT; Schema: public; Owner: medium_clone_user1
--

ALTER TABLE ONLY public.users_follow
    ADD CONSTRAINT users_follow_follower_id_following_id_3128ce38_uniq UNIQUE (follower_id, following_id);


--
-- Name: users_follow users_follow_pkey; Type: CONSTRAINT; Schema: public; Owner: medium_clone_user1
--

ALTER TABLE ONLY public.users_follow
    ADD CONSTRAINT users_follow_pkey PRIMARY KEY (id);


--
-- Name: users_passwordresettoken users_passwordresettoken_pkey; Type: CONSTRAINT; Schema: public; Owner: medium_clone_user1
--

ALTER TABLE ONLY public.users_passwordresettoken
    ADD CONSTRAINT users_passwordresettoken_pkey PRIMARY KEY (id);


--
-- Name: users_passwordresettoken users_passwordresettoken_token_key; Type: CONSTRAINT; Schema: public; Owner: medium_clone_user1
--

ALTER TABLE ONLY public.users_passwordresettoken
    ADD CONSTRAINT users_passwordresettoken_token_key UNIQUE (token);


--
-- Name: users_user users_user_email_key; Type: CONSTRAINT; Schema: public; Owner: medium_clone_user1
--

ALTER TABLE ONLY public.users_user
    ADD CONSTRAINT users_user_email_key UNIQUE (email);


--
-- Name: users_user_groups users_user_groups_pkey; Type: CONSTRAINT; Schema: public; Owner: medium_clone_user1
--

ALTER TABLE ONLY public.users_user_groups
    ADD CONSTRAINT users_user_groups_pkey PRIMARY KEY (id);


--
-- Name: users_user_groups users_user_groups_user_id_group_id_b88eab82_uniq; Type: CONSTRAINT; Schema: public; Owner: medium_clone_user1
--

ALTER TABLE ONLY public.users_user_groups
    ADD CONSTRAINT users_user_groups_user_id_group_id_b88eab82_uniq UNIQUE (user_id, group_id);


--
-- Name: users_user users_user_pkey; Type: CONSTRAINT; Schema: public; Owner: medium_clone_user1
--

ALTER TABLE ONLY public.users_user
    ADD CONSTRAINT users_user_pkey PRIMARY KEY (id);


--
-- Name: users_user_user_permissions users_user_user_permissions_pkey; Type: CONSTRAINT; Schema: public; Owner: medium_clone_user1
--

ALTER TABLE ONLY public.users_user_user_permissions
    ADD CONSTRAINT users_user_user_permissions_pkey PRIMARY KEY (id);


--
-- Name: users_user_user_permissions users_user_user_permissions_user_id_permission_id_43338c45_uniq; Type: CONSTRAINT; Schema: public; Owner: medium_clone_user1
--

ALTER TABLE ONLY public.users_user_user_permissions
    ADD CONSTRAINT users_user_user_permissions_user_id_permission_id_43338c45_uniq UNIQUE (user_id, permission_id);


--
-- Name: users_user users_user_username_key; Type: CONSTRAINT; Schema: public; Owner: medium_clone_user1
--

ALTER TABLE ONLY public.users_user
    ADD CONSTRAINT users_user_username_key UNIQUE (username);


--
-- Name: articles_article_author_id_059aea7d; Type: INDEX; Schema: public; Owner: medium_clone_user1
--

CREATE INDEX articles_article_author_id_059aea7d ON public.articles_article USING btree (author_id);


--
-- Name: articles_article_slug_cc61df93_like; Type: INDEX; Schema: public; Owner: medium_clone_user1
--

CREATE INDEX articles_article_slug_cc61df93_like ON public.articles_article USING btree (slug varchar_pattern_ops);


--
-- Name: articles_article_tags_article_id_524565b8; Type: INDEX; Schema: public; Owner: medium_clone_user1
--

CREATE INDEX articles_article_tags_article_id_524565b8 ON public.articles_article_tags USING btree (article_id);


--
-- Name: articles_article_tags_tag_id_56ec02c6; Type: INDEX; Schema: public; Owner: medium_clone_user1
--

CREATE INDEX articles_article_tags_tag_id_56ec02c6 ON public.articles_article_tags USING btree (tag_id);


--
-- Name: articles_tag_name_5be47acd_like; Type: INDEX; Schema: public; Owner: medium_clone_user1
--

CREATE INDEX articles_tag_name_5be47acd_like ON public.articles_tag USING btree (name varchar_pattern_ops);


--
-- Name: auth_group_name_a6ea08ec_like; Type: INDEX; Schema: public; Owner: medium_clone_user1
--

CREATE INDEX auth_group_name_a6ea08ec_like ON public.auth_group USING btree (name varchar_pattern_ops);


--
-- Name: auth_group_permissions_group_id_b120cbf9; Type: INDEX; Schema: public; Owner: medium_clone_user1
--

CREATE INDEX auth_group_permissions_group_id_b120cbf9 ON public.auth_group_permissions USING btree (group_id);


--
-- Name: auth_group_permissions_permission_id_84c5c92e; Type: INDEX; Schema: public; Owner: medium_clone_user1
--

CREATE INDEX auth_group_permissions_permission_id_84c5c92e ON public.auth_group_permissions USING btree (permission_id);


--
-- Name: auth_permission_content_type_id_2f476e4b; Type: INDEX; Schema: public; Owner: medium_clone_user1
--

CREATE INDEX auth_permission_content_type_id_2f476e4b ON public.auth_permission USING btree (content_type_id);


--
-- Name: authtoken_token_key_10f0b77e_like; Type: INDEX; Schema: public; Owner: medium_clone_user1
--

CREATE INDEX authtoken_token_key_10f0b77e_like ON public.authtoken_token USING btree (key varchar_pattern_ops);


--
-- Name: comments_comment_article_id_94fe60a2; Type: INDEX; Schema: public; Owner: medium_clone_user1
--

CREATE INDEX comments_comment_article_id_94fe60a2 ON public.comments_comment USING btree (article_id);


--
-- Name: comments_comment_author_id_334ce9e2; Type: INDEX; Schema: public; Owner: medium_clone_user1
--

CREATE INDEX comments_comment_author_id_334ce9e2 ON public.comments_comment USING btree (author_id);


--
-- Name: comments_comment_parent_id_3e0802fb; Type: INDEX; Schema: public; Owner: medium_clone_user1
--

CREATE INDEX comments_comment_parent_id_3e0802fb ON public.comments_comment USING btree (parent_id);


--
-- Name: django_admin_log_content_type_id_c4bce8eb; Type: INDEX; Schema: public; Owner: medium_clone_user1
--

CREATE INDEX django_admin_log_content_type_id_c4bce8eb ON public.django_admin_log USING btree (content_type_id);


--
-- Name: django_admin_log_user_id_c564eba6; Type: INDEX; Schema: public; Owner: medium_clone_user1
--

CREATE INDEX django_admin_log_user_id_c564eba6 ON public.django_admin_log USING btree (user_id);


--
-- Name: django_cele_date_cr_bd6c1d_idx; Type: INDEX; Schema: public; Owner: medium_clone_user1
--

CREATE INDEX django_cele_date_cr_bd6c1d_idx ON public.django_celery_results_groupresult USING btree (date_created);


--
-- Name: django_cele_date_cr_f04a50_idx; Type: INDEX; Schema: public; Owner: medium_clone_user1
--

CREATE INDEX django_cele_date_cr_f04a50_idx ON public.django_celery_results_taskresult USING btree (date_created);


--
-- Name: django_cele_date_do_caae0e_idx; Type: INDEX; Schema: public; Owner: medium_clone_user1
--

CREATE INDEX django_cele_date_do_caae0e_idx ON public.django_celery_results_groupresult USING btree (date_done);


--
-- Name: django_cele_date_do_f59aad_idx; Type: INDEX; Schema: public; Owner: medium_clone_user1
--

CREATE INDEX django_cele_date_do_f59aad_idx ON public.django_celery_results_taskresult USING btree (date_done);


--
-- Name: django_cele_status_9b6201_idx; Type: INDEX; Schema: public; Owner: medium_clone_user1
--

CREATE INDEX django_cele_status_9b6201_idx ON public.django_celery_results_taskresult USING btree (status);


--
-- Name: django_cele_task_na_08aec9_idx; Type: INDEX; Schema: public; Owner: medium_clone_user1
--

CREATE INDEX django_cele_task_na_08aec9_idx ON public.django_celery_results_taskresult USING btree (task_name);


--
-- Name: django_cele_worker_d54dd8_idx; Type: INDEX; Schema: public; Owner: medium_clone_user1
--

CREATE INDEX django_cele_worker_d54dd8_idx ON public.django_celery_results_taskresult USING btree (worker);


--
-- Name: django_celery_beat_periodictask_clocked_id_47a69f82; Type: INDEX; Schema: public; Owner: medium_clone_user1
--

CREATE INDEX django_celery_beat_periodictask_clocked_id_47a69f82 ON public.django_celery_beat_periodictask USING btree (clocked_id);


--
-- Name: django_celery_beat_periodictask_crontab_id_d3cba168; Type: INDEX; Schema: public; Owner: medium_clone_user1
--

CREATE INDEX django_celery_beat_periodictask_crontab_id_d3cba168 ON public.django_celery_beat_periodictask USING btree (crontab_id);


--
-- Name: django_celery_beat_periodictask_interval_id_a8ca27da; Type: INDEX; Schema: public; Owner: medium_clone_user1
--

CREATE INDEX django_celery_beat_periodictask_interval_id_a8ca27da ON public.django_celery_beat_periodictask USING btree (interval_id);


--
-- Name: django_celery_beat_periodictask_name_265a36b7_like; Type: INDEX; Schema: public; Owner: medium_clone_user1
--

CREATE INDEX django_celery_beat_periodictask_name_265a36b7_like ON public.django_celery_beat_periodictask USING btree (name varchar_pattern_ops);


--
-- Name: django_celery_beat_periodictask_solar_id_a87ce72c; Type: INDEX; Schema: public; Owner: medium_clone_user1
--

CREATE INDEX django_celery_beat_periodictask_solar_id_a87ce72c ON public.django_celery_beat_periodictask USING btree (solar_id);


--
-- Name: django_celery_results_chordcounter_group_id_1f70858c_like; Type: INDEX; Schema: public; Owner: medium_clone_user1
--

CREATE INDEX django_celery_results_chordcounter_group_id_1f70858c_like ON public.django_celery_results_chordcounter USING btree (group_id varchar_pattern_ops);


--
-- Name: django_celery_results_groupresult_group_id_a085f1a9_like; Type: INDEX; Schema: public; Owner: medium_clone_user1
--

CREATE INDEX django_celery_results_groupresult_group_id_a085f1a9_like ON public.django_celery_results_groupresult USING btree (group_id varchar_pattern_ops);


--
-- Name: django_celery_results_taskresult_task_id_de0d95bf_like; Type: INDEX; Schema: public; Owner: medium_clone_user1
--

CREATE INDEX django_celery_results_taskresult_task_id_de0d95bf_like ON public.django_celery_results_taskresult USING btree (task_id varchar_pattern_ops);


--
-- Name: django_session_expire_date_a5c62663; Type: INDEX; Schema: public; Owner: medium_clone_user1
--

CREATE INDEX django_session_expire_date_a5c62663 ON public.django_session USING btree (expire_date);


--
-- Name: django_session_session_key_c0390e0f_like; Type: INDEX; Schema: public; Owner: medium_clone_user1
--

CREATE INDEX django_session_session_key_c0390e0f_like ON public.django_session USING btree (session_key varchar_pattern_ops);


--
-- Name: feeds_feed_article_id_c1cc5908; Type: INDEX; Schema: public; Owner: medium_clone_user1
--

CREATE INDEX feeds_feed_article_id_c1cc5908 ON public.feeds_feed USING btree (article_id);


--
-- Name: feeds_feed_user_id_f07992c0; Type: INDEX; Schema: public; Owner: medium_clone_user1
--

CREATE INDEX feeds_feed_user_id_f07992c0 ON public.feeds_feed USING btree (user_id);


--
-- Name: interactions_bookmark_article_id_f977d63d; Type: INDEX; Schema: public; Owner: medium_clone_user1
--

CREATE INDEX interactions_bookmark_article_id_f977d63d ON public.interactions_bookmark USING btree (article_id);


--
-- Name: interactions_bookmark_user_id_045aa666; Type: INDEX; Schema: public; Owner: medium_clone_user1
--

CREATE INDEX interactions_bookmark_user_id_045aa666 ON public.interactions_bookmark USING btree (user_id);


--
-- Name: interactions_clap_article_id_92573287; Type: INDEX; Schema: public; Owner: medium_clone_user1
--

CREATE INDEX interactions_clap_article_id_92573287 ON public.interactions_clap USING btree (article_id);


--
-- Name: interactions_clap_user_id_35c55a1d; Type: INDEX; Schema: public; Owner: medium_clone_user1
--

CREATE INDEX interactions_clap_user_id_35c55a1d ON public.interactions_clap USING btree (user_id);


--
-- Name: notifications_notification_article_id_e271c332; Type: INDEX; Schema: public; Owner: medium_clone_user1
--

CREATE INDEX notifications_notification_article_id_e271c332 ON public.notifications_notification USING btree (article_id);


--
-- Name: notifications_notification_comment_id_12aa885f; Type: INDEX; Schema: public; Owner: medium_clone_user1
--

CREATE INDEX notifications_notification_comment_id_12aa885f ON public.notifications_notification USING btree (comment_id);


--
-- Name: notifications_notification_recipient_id_d055f3f0; Type: INDEX; Schema: public; Owner: medium_clone_user1
--

CREATE INDEX notifications_notification_recipient_id_d055f3f0 ON public.notifications_notification USING btree (recipient_id);


--
-- Name: notifications_notification_sender_id_feea9ca3; Type: INDEX; Schema: public; Owner: medium_clone_user1
--

CREATE INDEX notifications_notification_sender_id_feea9ca3 ON public.notifications_notification USING btree (sender_id);


--
-- Name: users_follow_follower_id_832a9a65; Type: INDEX; Schema: public; Owner: medium_clone_user1
--

CREATE INDEX users_follow_follower_id_832a9a65 ON public.users_follow USING btree (follower_id);


--
-- Name: users_follow_following_id_62318d9b; Type: INDEX; Schema: public; Owner: medium_clone_user1
--

CREATE INDEX users_follow_following_id_62318d9b ON public.users_follow USING btree (following_id);


--
-- Name: users_passwordresettoken_user_id_2355945a; Type: INDEX; Schema: public; Owner: medium_clone_user1
--

CREATE INDEX users_passwordresettoken_user_id_2355945a ON public.users_passwordresettoken USING btree (user_id);


--
-- Name: users_user_email_243f6e77_like; Type: INDEX; Schema: public; Owner: medium_clone_user1
--

CREATE INDEX users_user_email_243f6e77_like ON public.users_user USING btree (email varchar_pattern_ops);


--
-- Name: users_user_groups_group_id_9afc8d0e; Type: INDEX; Schema: public; Owner: medium_clone_user1
--

CREATE INDEX users_user_groups_group_id_9afc8d0e ON public.users_user_groups USING btree (group_id);


--
-- Name: users_user_groups_user_id_5f6f5a90; Type: INDEX; Schema: public; Owner: medium_clone_user1
--

CREATE INDEX users_user_groups_user_id_5f6f5a90 ON public.users_user_groups USING btree (user_id);


--
-- Name: users_user_user_permissions_permission_id_0b93982e; Type: INDEX; Schema: public; Owner: medium_clone_user1
--

CREATE INDEX users_user_user_permissions_permission_id_0b93982e ON public.users_user_user_permissions USING btree (permission_id);


--
-- Name: users_user_user_permissions_user_id_20aca447; Type: INDEX; Schema: public; Owner: medium_clone_user1
--

CREATE INDEX users_user_user_permissions_user_id_20aca447 ON public.users_user_user_permissions USING btree (user_id);


--
-- Name: users_user_username_06e46fe6_like; Type: INDEX; Schema: public; Owner: medium_clone_user1
--

CREATE INDEX users_user_username_06e46fe6_like ON public.users_user USING btree (username varchar_pattern_ops);


--
-- Name: articles_article articles_article_author_id_059aea7d_fk_users_user_id; Type: FK CONSTRAINT; Schema: public; Owner: medium_clone_user1
--

ALTER TABLE ONLY public.articles_article
    ADD CONSTRAINT articles_article_author_id_059aea7d_fk_users_user_id FOREIGN KEY (author_id) REFERENCES public.users_user(id) DEFERRABLE INITIALLY DEFERRED;


--
-- Name: articles_article_tags articles_article_tag_article_id_524565b8_fk_articles_; Type: FK CONSTRAINT; Schema: public; Owner: medium_clone_user1
--

ALTER TABLE ONLY public.articles_article_tags
    ADD CONSTRAINT articles_article_tag_article_id_524565b8_fk_articles_ FOREIGN KEY (article_id) REFERENCES public.articles_article(id) DEFERRABLE INITIALLY DEFERRED;


--
-- Name: articles_article_tags articles_article_tags_tag_id_56ec02c6_fk_articles_tag_id; Type: FK CONSTRAINT; Schema: public; Owner: medium_clone_user1
--

ALTER TABLE ONLY public.articles_article_tags
    ADD CONSTRAINT articles_article_tags_tag_id_56ec02c6_fk_articles_tag_id FOREIGN KEY (tag_id) REFERENCES public.articles_tag(id) DEFERRABLE INITIALLY DEFERRED;


--
-- Name: auth_group_permissions auth_group_permissio_permission_id_84c5c92e_fk_auth_perm; Type: FK CONSTRAINT; Schema: public; Owner: medium_clone_user1
--

ALTER TABLE ONLY public.auth_group_permissions
    ADD CONSTRAINT auth_group_permissio_permission_id_84c5c92e_fk_auth_perm FOREIGN KEY (permission_id) REFERENCES public.auth_permission(id) DEFERRABLE INITIALLY DEFERRED;


--
-- Name: auth_group_permissions auth_group_permissions_group_id_b120cbf9_fk_auth_group_id; Type: FK CONSTRAINT; Schema: public; Owner: medium_clone_user1
--

ALTER TABLE ONLY public.auth_group_permissions
    ADD CONSTRAINT auth_group_permissions_group_id_b120cbf9_fk_auth_group_id FOREIGN KEY (group_id) REFERENCES public.auth_group(id) DEFERRABLE INITIALLY DEFERRED;


--
-- Name: auth_permission auth_permission_content_type_id_2f476e4b_fk_django_co; Type: FK CONSTRAINT; Schema: public; Owner: medium_clone_user1
--

ALTER TABLE ONLY public.auth_permission
    ADD CONSTRAINT auth_permission_content_type_id_2f476e4b_fk_django_co FOREIGN KEY (content_type_id) REFERENCES public.django_content_type(id) DEFERRABLE INITIALLY DEFERRED;


--
-- Name: authtoken_token authtoken_token_user_id_35299eff_fk_users_user_id; Type: FK CONSTRAINT; Schema: public; Owner: medium_clone_user1
--

ALTER TABLE ONLY public.authtoken_token
    ADD CONSTRAINT authtoken_token_user_id_35299eff_fk_users_user_id FOREIGN KEY (user_id) REFERENCES public.users_user(id) DEFERRABLE INITIALLY DEFERRED;


--
-- Name: comments_comment comments_comment_article_id_94fe60a2_fk_articles_article_id; Type: FK CONSTRAINT; Schema: public; Owner: medium_clone_user1
--

ALTER TABLE ONLY public.comments_comment
    ADD CONSTRAINT comments_comment_article_id_94fe60a2_fk_articles_article_id FOREIGN KEY (article_id) REFERENCES public.articles_article(id) DEFERRABLE INITIALLY DEFERRED;


--
-- Name: comments_comment comments_comment_author_id_334ce9e2_fk_users_user_id; Type: FK CONSTRAINT; Schema: public; Owner: medium_clone_user1
--

ALTER TABLE ONLY public.comments_comment
    ADD CONSTRAINT comments_comment_author_id_334ce9e2_fk_users_user_id FOREIGN KEY (author_id) REFERENCES public.users_user(id) DEFERRABLE INITIALLY DEFERRED;


--
-- Name: comments_comment comments_comment_parent_id_3e0802fb_fk_comments_comment_id; Type: FK CONSTRAINT; Schema: public; Owner: medium_clone_user1
--

ALTER TABLE ONLY public.comments_comment
    ADD CONSTRAINT comments_comment_parent_id_3e0802fb_fk_comments_comment_id FOREIGN KEY (parent_id) REFERENCES public.comments_comment(id) DEFERRABLE INITIALLY DEFERRED;


--
-- Name: django_admin_log django_admin_log_content_type_id_c4bce8eb_fk_django_co; Type: FK CONSTRAINT; Schema: public; Owner: medium_clone_user1
--

ALTER TABLE ONLY public.django_admin_log
    ADD CONSTRAINT django_admin_log_content_type_id_c4bce8eb_fk_django_co FOREIGN KEY (content_type_id) REFERENCES public.django_content_type(id) DEFERRABLE INITIALLY DEFERRED;


--
-- Name: django_admin_log django_admin_log_user_id_c564eba6_fk_users_user_id; Type: FK CONSTRAINT; Schema: public; Owner: medium_clone_user1
--

ALTER TABLE ONLY public.django_admin_log
    ADD CONSTRAINT django_admin_log_user_id_c564eba6_fk_users_user_id FOREIGN KEY (user_id) REFERENCES public.users_user(id) DEFERRABLE INITIALLY DEFERRED;


--
-- Name: django_celery_beat_periodictask django_celery_beat_p_clocked_id_47a69f82_fk_django_ce; Type: FK CONSTRAINT; Schema: public; Owner: medium_clone_user1
--

ALTER TABLE ONLY public.django_celery_beat_periodictask
    ADD CONSTRAINT django_celery_beat_p_clocked_id_47a69f82_fk_django_ce FOREIGN KEY (clocked_id) REFERENCES public.django_celery_beat_clockedschedule(id) DEFERRABLE INITIALLY DEFERRED;


--
-- Name: django_celery_beat_periodictask django_celery_beat_p_crontab_id_d3cba168_fk_django_ce; Type: FK CONSTRAINT; Schema: public; Owner: medium_clone_user1
--

ALTER TABLE ONLY public.django_celery_beat_periodictask
    ADD CONSTRAINT django_celery_beat_p_crontab_id_d3cba168_fk_django_ce FOREIGN KEY (crontab_id) REFERENCES public.django_celery_beat_crontabschedule(id) DEFERRABLE INITIALLY DEFERRED;


--
-- Name: django_celery_beat_periodictask django_celery_beat_p_interval_id_a8ca27da_fk_django_ce; Type: FK CONSTRAINT; Schema: public; Owner: medium_clone_user1
--

ALTER TABLE ONLY public.django_celery_beat_periodictask
    ADD CONSTRAINT django_celery_beat_p_interval_id_a8ca27da_fk_django_ce FOREIGN KEY (interval_id) REFERENCES public.django_celery_beat_intervalschedule(id) DEFERRABLE INITIALLY DEFERRED;


--
-- Name: django_celery_beat_periodictask django_celery_beat_p_solar_id_a87ce72c_fk_django_ce; Type: FK CONSTRAINT; Schema: public; Owner: medium_clone_user1
--

ALTER TABLE ONLY public.django_celery_beat_periodictask
    ADD CONSTRAINT django_celery_beat_p_solar_id_a87ce72c_fk_django_ce FOREIGN KEY (solar_id) REFERENCES public.django_celery_beat_solarschedule(id) DEFERRABLE INITIALLY DEFERRED;


--
-- Name: feeds_feed feeds_feed_article_id_c1cc5908_fk_articles_article_id; Type: FK CONSTRAINT; Schema: public; Owner: medium_clone_user1
--

ALTER TABLE ONLY public.feeds_feed
    ADD CONSTRAINT feeds_feed_article_id_c1cc5908_fk_articles_article_id FOREIGN KEY (article_id) REFERENCES public.articles_article(id) DEFERRABLE INITIALLY DEFERRED;


--
-- Name: feeds_feed feeds_feed_user_id_f07992c0_fk_users_user_id; Type: FK CONSTRAINT; Schema: public; Owner: medium_clone_user1
--

ALTER TABLE ONLY public.feeds_feed
    ADD CONSTRAINT feeds_feed_user_id_f07992c0_fk_users_user_id FOREIGN KEY (user_id) REFERENCES public.users_user(id) DEFERRABLE INITIALLY DEFERRED;


--
-- Name: interactions_bookmark interactions_bookmar_article_id_f977d63d_fk_articles_; Type: FK CONSTRAINT; Schema: public; Owner: medium_clone_user1
--

ALTER TABLE ONLY public.interactions_bookmark
    ADD CONSTRAINT interactions_bookmar_article_id_f977d63d_fk_articles_ FOREIGN KEY (article_id) REFERENCES public.articles_article(id) DEFERRABLE INITIALLY DEFERRED;


--
-- Name: interactions_bookmark interactions_bookmark_user_id_045aa666_fk_users_user_id; Type: FK CONSTRAINT; Schema: public; Owner: medium_clone_user1
--

ALTER TABLE ONLY public.interactions_bookmark
    ADD CONSTRAINT interactions_bookmark_user_id_045aa666_fk_users_user_id FOREIGN KEY (user_id) REFERENCES public.users_user(id) DEFERRABLE INITIALLY DEFERRED;


--
-- Name: interactions_clap interactions_clap_article_id_92573287_fk_articles_article_id; Type: FK CONSTRAINT; Schema: public; Owner: medium_clone_user1
--

ALTER TABLE ONLY public.interactions_clap
    ADD CONSTRAINT interactions_clap_article_id_92573287_fk_articles_article_id FOREIGN KEY (article_id) REFERENCES public.articles_article(id) DEFERRABLE INITIALLY DEFERRED;


--
-- Name: interactions_clap interactions_clap_user_id_35c55a1d_fk_users_user_id; Type: FK CONSTRAINT; Schema: public; Owner: medium_clone_user1
--

ALTER TABLE ONLY public.interactions_clap
    ADD CONSTRAINT interactions_clap_user_id_35c55a1d_fk_users_user_id FOREIGN KEY (user_id) REFERENCES public.users_user(id) DEFERRABLE INITIALLY DEFERRED;


--
-- Name: notifications_notification notifications_notifi_article_id_e271c332_fk_articles_; Type: FK CONSTRAINT; Schema: public; Owner: medium_clone_user1
--

ALTER TABLE ONLY public.notifications_notification
    ADD CONSTRAINT notifications_notifi_article_id_e271c332_fk_articles_ FOREIGN KEY (article_id) REFERENCES public.articles_article(id) DEFERRABLE INITIALLY DEFERRED;


--
-- Name: notifications_notification notifications_notifi_comment_id_12aa885f_fk_comments_; Type: FK CONSTRAINT; Schema: public; Owner: medium_clone_user1
--

ALTER TABLE ONLY public.notifications_notification
    ADD CONSTRAINT notifications_notifi_comment_id_12aa885f_fk_comments_ FOREIGN KEY (comment_id) REFERENCES public.comments_comment(id) DEFERRABLE INITIALLY DEFERRED;


--
-- Name: notifications_notification notifications_notifi_recipient_id_d055f3f0_fk_users_use; Type: FK CONSTRAINT; Schema: public; Owner: medium_clone_user1
--

ALTER TABLE ONLY public.notifications_notification
    ADD CONSTRAINT notifications_notifi_recipient_id_d055f3f0_fk_users_use FOREIGN KEY (recipient_id) REFERENCES public.users_user(id) DEFERRABLE INITIALLY DEFERRED;


--
-- Name: notifications_notification notifications_notification_sender_id_feea9ca3_fk_users_user_id; Type: FK CONSTRAINT; Schema: public; Owner: medium_clone_user1
--

ALTER TABLE ONLY public.notifications_notification
    ADD CONSTRAINT notifications_notification_sender_id_feea9ca3_fk_users_user_id FOREIGN KEY (sender_id) REFERENCES public.users_user(id) DEFERRABLE INITIALLY DEFERRED;


--
-- Name: users_follow users_follow_follower_id_832a9a65_fk_users_user_id; Type: FK CONSTRAINT; Schema: public; Owner: medium_clone_user1
--

ALTER TABLE ONLY public.users_follow
    ADD CONSTRAINT users_follow_follower_id_832a9a65_fk_users_user_id FOREIGN KEY (follower_id) REFERENCES public.users_user(id) DEFERRABLE INITIALLY DEFERRED;


--
-- Name: users_follow users_follow_following_id_62318d9b_fk_users_user_id; Type: FK CONSTRAINT; Schema: public; Owner: medium_clone_user1
--

ALTER TABLE ONLY public.users_follow
    ADD CONSTRAINT users_follow_following_id_62318d9b_fk_users_user_id FOREIGN KEY (following_id) REFERENCES public.users_user(id) DEFERRABLE INITIALLY DEFERRED;


--
-- Name: users_passwordresettoken users_passwordresettoken_user_id_2355945a_fk_users_user_id; Type: FK CONSTRAINT; Schema: public; Owner: medium_clone_user1
--

ALTER TABLE ONLY public.users_passwordresettoken
    ADD CONSTRAINT users_passwordresettoken_user_id_2355945a_fk_users_user_id FOREIGN KEY (user_id) REFERENCES public.users_user(id) DEFERRABLE INITIALLY DEFERRED;


--
-- Name: users_user_groups users_user_groups_group_id_9afc8d0e_fk_auth_group_id; Type: FK CONSTRAINT; Schema: public; Owner: medium_clone_user1
--

ALTER TABLE ONLY public.users_user_groups
    ADD CONSTRAINT users_user_groups_group_id_9afc8d0e_fk_auth_group_id FOREIGN KEY (group_id) REFERENCES public.auth_group(id) DEFERRABLE INITIALLY DEFERRED;


--
-- Name: users_user_groups users_user_groups_user_id_5f6f5a90_fk_users_user_id; Type: FK CONSTRAINT; Schema: public; Owner: medium_clone_user1
--

ALTER TABLE ONLY public.users_user_groups
    ADD CONSTRAINT users_user_groups_user_id_5f6f5a90_fk_users_user_id FOREIGN KEY (user_id) REFERENCES public.users_user(id) DEFERRABLE INITIALLY DEFERRED;


--
-- Name: users_user_user_permissions users_user_user_perm_permission_id_0b93982e_fk_auth_perm; Type: FK CONSTRAINT; Schema: public; Owner: medium_clone_user1
--

ALTER TABLE ONLY public.users_user_user_permissions
    ADD CONSTRAINT users_user_user_perm_permission_id_0b93982e_fk_auth_perm FOREIGN KEY (permission_id) REFERENCES public.auth_permission(id) DEFERRABLE INITIALLY DEFERRED;


--
-- Name: users_user_user_permissions users_user_user_permissions_user_id_20aca447_fk_users_user_id; Type: FK CONSTRAINT; Schema: public; Owner: medium_clone_user1
--

ALTER TABLE ONLY public.users_user_user_permissions
    ADD CONSTRAINT users_user_user_permissions_user_id_20aca447_fk_users_user_id FOREIGN KEY (user_id) REFERENCES public.users_user(id) DEFERRABLE INITIALLY DEFERRED;


--
-- Name: SCHEMA public; Type: ACL; Schema: -; Owner: pg_database_owner
--

GRANT ALL ON SCHEMA public TO medium_clone_user1;


--
-- Name: DEFAULT PRIVILEGES FOR SEQUENCES; Type: DEFAULT ACL; Schema: public; Owner: postgres
--

ALTER DEFAULT PRIVILEGES FOR ROLE postgres IN SCHEMA public GRANT ALL ON SEQUENCES TO medium_clone_user1;


--
-- Name: DEFAULT PRIVILEGES FOR TABLES; Type: DEFAULT ACL; Schema: public; Owner: postgres
--

ALTER DEFAULT PRIVILEGES FOR ROLE postgres IN SCHEMA public GRANT ALL ON TABLES TO medium_clone_user1;


--
-- PostgreSQL database dump complete
--

\unrestrict YWaUW7d2ouNOo4B3NN0F4gIJHcr1vgHdFqQq2y6v8akTKbiAKp42nFT52XwlEpt

